Player_Name,Batting_Style,Bowling_Style,URL,Status
A Balbirnie,Right hand Bat,Right arm Offbreak,https://www.espncricinfo.com/cricketers/a-balbirnie-303423,Success
A Deshmukh,N/A,N/A,https://www.espncricinfo.com/cricketers/a-deshmukh-412593,No style info
A Dutt,Right hand Bat,Right arm Offbreak,https://www.espncricinfo.com/cricketers/a-dutt-1195672,Success
A Mehrotra,N/A,N/A,https://www.espncricinfo.com/cricketers/a-mehrotra-495001,No style info
A Mishra,Right hand Bat,Legbreak,https://www.espncricinfo.com/cricketers/a-mishra-31107,Success
A Nehra,Right hand Bat,Left arm Medium fast,https://www.espncricinfo.com/cricketers/a-nehra-31820,Success
A Nortje,Right hand Bat,Right arm Fast,https://www.espncricinfo.com/cricketers/a-nortje-481979,Success
A Paleker,Right hand Bat,Right arm Offbreak,https://www.espncricinfo.com/cricketers/a-paleker-46805,Success
A Shukla,Right hand Bat,Right arm Medium,https://www.espncricinfo.com/cricketers/a-shukla-1167779,Success
A Symonds,Right hand Bat,"Right arm Medium, Right arm Offbreak",https://www.espncricinfo.com/cricketers/a-symonds-7702,Success
A Zampa,Right hand Bat,Legbreak Googly,https://www.espncricinfo.com/cricketers/a-zampa-379504,Success
AA Obanda,Right hand Bat,Right arm Medium fast,https://www.espncricinfo.com/cricketers/aa-obanda-291844,Success
AB Dinda,Right hand Bat,Right arm Medium fast,https://www.espncricinfo.com/cricketers/ab-dinda-227712,Success
AB de Villiers,Right hand Bat,Right arm Medium,https://www.espncricinfo.com/cricketers/ab-de-villiers-44936,Success
AC Agar,Left hand Bat,Slow Left arm Orthodox,https://www.espncricinfo.com/cricketers/ac-agar-505120,Success
AC Botha,Left hand Bat,Right arm Medium,https://www.espncricinfo.com/cricketers/ac-botha-44102,Success
AC Gilchrist,Left hand Bat,Right arm Offbreak,https://www.espncricinfo.com/cricketers/ac-gilchrist-5390,Success
AC Voges,Right hand Bat,Slow Left arm Orthodox,https://www.espncricinfo.com/cricketers/ac-voges-8119,Success
AD Hales,Right hand Bat,Right arm Medium,https://www.espncricinfo.com/cricketers/ad-hales-249866,Success
AD Mathews,Right hand Bat,Right arm Medium,https://www.espncricinfo.com/cricketers/ad-mathews-49764,Success
AD Russell,Right hand Bat,Right arm Fast,https://www.espncricinfo.com/cricketers/ad-russell-276298,Success
ADS Fletcher,Right hand Bat,"Right arm Medium fast, Legbreak",https://www.espncricinfo.com/cricketers/ads-fletcher-51862,Success
AF Milne,Right hand Bat,Right arm Fast,https://www.espncricinfo.com/cricketers/af-milne-450860,Success
AG Cremer,Right hand Bat,Legbreak Googly,https://www.espncricinfo.com/cricketers/ag-cremer-55346,Success
AG Dissanayake,Left hand Bat,Right arm Offbreak,https://www.espncricinfo.com/cricketers/ag-dissanayake-48706,Success
AG Hurst,Right hand Bat,Right arm Fast,https://www.espncricinfo.com/cricketers/ag-hurst-5732,Success
AG Wharf,Right hand Bat,Right arm Medium fast,https://www.espncricinfo.com/cricketers/ag-wharf-22380,Success
AJ Barrow,N/A,N/A,https://www.espncricinfo.com/cricketers/aj-barrow-270508,No style info
AJ Finch,Right hand Bat,Slow Left arm Orthodox,https://www.espncricinfo.com/cricketers/aj-finch-5334,Success
AJ Hosein,Left hand Bat,Slow Left arm Orthodox,https://www.espncricinfo.com/cricketers/aj-hosein-530812,Success
AJ McKay,Right hand Bat,Left arm Fast medium,https://www.espncricinfo.com/cricketers/aj-mckay-38005,Success
AJ Pycroft,Right hand Bat,Right arm Offbreak,https://www.espncricinfo.com/cricketers/aj-pycroft-55700,Success
AJ Redmond,Right hand Bat,Legbreak,https://www.espncricinfo.com/cricketers/aj-redmond-38264,Success
AJ Strauss,Left hand Bat,Left arm Medium,https://www.espncricinfo.com/cricketers/aj-strauss-20387,Success
AJ Turner,Right hand Bat,Right arm Offbreak,https://www.espncricinfo.com/cricketers/aj-turner-500268,Success
AJ Tye,Right hand Bat,Right arm Medium fast,https://www.espncricinfo.com/cricketers/aj-tye-459508,Success
AK Chaudhary,N/A,N/A,https://www.espncricinfo.com/cricketers/ak-chaudhary-265839,No style info
AK Markram,Right hand Bat,Right arm Offbreak,https://www.espncricinfo.com/cricketers/ak-markram-600498,Success
AK Perera,Right hand Bat,Slow Left arm Orthodox,https://www.espncricinfo.com/cricketers/ak-perera-300629,Success
AL Hill,N/A,N/A,https://www.espncricinfo.com/cricketers/al-hill-37274,No style info
AL Phehlukwayo,Left hand Bat,Right arm Medium fast,https://www.espncricinfo.com/cricketers/al-phehlukwayo-540316,Success
AM Ellis,Right hand Bat,Right arm Fast medium,https://www.espncricinfo.com/cricketers/am-ellis-36993,Success
AM Fernando,Right hand Bat,Right arm Medium fast,https://www.espncricinfo.com/cricketers/am-fernando-786925,Success
AM Phangiso,Right hand Bat,Slow Left arm Orthodox,https://www.espncricinfo.com/cricketers/am-phangiso-46942,Success
AM Rahane,Right hand Bat,Right arm Medium,https://www.espncricinfo.com/cricketers/am-rahane-277916,Success
AM Saheba,Right hand Bat,N/A,https://www.espncricinfo.com/cricketers/am-saheba-34544,Success
AO Suji,Right hand Bat,Right arm Medium,https://www.espncricinfo.com/cricketers/ao-suji-24723,Success
AP Devcich,Left hand Bat,Slow Left arm Orthodox,https://www.espncricinfo.com/cricketers/ap-devcich-36948,Success
AR Adams,Right hand Bat,Right arm Fast medium,https://www.espncricinfo.com/cricketers/ar-adams-36192,Success
AR Cusack,Right hand Bat,Right arm Medium fast,https://www.espncricinfo.com/cricketers/ar-cusack-293983,Success
AR Maddela,N/A,N/A,https://www.espncricinfo.com/cricketers/ar-maddela-373679,No style info
AR Patel,Left hand Bat,Slow Left arm Orthodox,https://www.espncricinfo.com/cricketers/ar-patel-554691,Success
AR White,Right hand Bat,Right arm Offbreak,https://www.espncricinfo.com/cricketers/ar-white-24286,Success
AS Joseph,Right hand Bat,Right arm Fast,https://www.espncricinfo.com/cricketers/as-joseph-670031,Success
AT Carey,Left hand Bat,N/A,https://www.espncricinfo.com/cricketers/at-carey-326434,Success
AT Holdstock,Right hand Bat,Right arm Fast medium,https://www.espncricinfo.com/cricketers/at-holdstock-45448,Success
AU Rashid,Right hand Bat,Legbreak,https://www.espncricinfo.com/cricketers/au-rashid-244497,Success
AY Dandekar,N/A,N/A,https://www.espncricinfo.com/cricketers/ay-dandekar-27986,No style info
Aamir Kaleem,Left hand Bat,Slow Left arm Orthodox,https://www.espncricinfo.com/cricketers/aamir-kaleem-455463,Success
Aayan Afzal Khan,Right hand Bat,Slow Left arm Orthodox,https://www.espncricinfo.com/cricketers/aayan-afzal-khan-1241265,Success
Abdul Razzaq,Right hand Bat,Right arm Fast medium,https://www.espncricinfo.com/cricketers/abdul-razzaq-39836,Success
Abdur Razzak,Left hand Bat,Slow Left arm Orthodox,https://www.espncricinfo.com/cricketers/abdur-razzak-56283,Success
Abhishek Sharma,Left hand Bat,Slow Left arm Orthodox,https://www.espncricinfo.com/cricketers/abhishek-sharma-1070183,Success
Abrar Ahmed,Right hand Bat,Legbreak Googly,https://www.espncricinfo.com/cricketers/abrar-ahmed-734459,Success
Abu Jayed,Right hand Bat,Right arm Fast medium,https://www.espncricinfo.com/cricketers/abu-jayed-410763,Success
Afif Hossain,Left hand Bat,Right arm Offbreak,https://www.espncricinfo.com/cricketers/afif-hossain-935995,Success
Aftab Ahmed,Right hand Bat,Right arm Medium,https://www.espncricinfo.com/cricketers/aftab-ahmed-56266,Success
Agha Salman,Right hand Bat,Right arm Offbreak,https://www.espncricinfo.com/cricketers/agha-salman-623977,Success
Ahmed Raza,Right hand Bat,Slow Left arm Orthodox,https://www.espncricinfo.com/cricketers/ahmed-raza-245490,Success
Ahmed Shah Pakteen,N/A,N/A,https://www.espncricinfo.com/cricketers/ahmed-shah-pakteen-604347,No style info
Ahmed Shahab,Right hand Bat,Right arm Offbreak,https://www.espncricinfo.com/cricketers/ahmed-shahab-39138,Success
Ahmed Shehzad,Right hand Bat,Legbreak,https://www.espncricinfo.com/cricketers/ahmed-shehzad-259410,Success
Ahsan Malik,Right hand Bat,Right arm Medium fast,https://www.espncricinfo.com/cricketers/ahsan-malik-518097,Success
Ahsan Raza,Right hand Bat,N/A,https://www.espncricinfo.com/cricketers/ahsan-raza-39146,Success
Aizaz Cheema,Right hand Bat,Right arm Medium fast,https://www.espncricinfo.com/cricketers/aizaz-cheema-39821,Success
Aizaz Khan,Right hand Bat,Right arm Medium fast,https://www.espncricinfo.com/cricketers/aizaz-khan-401540,Success
Al-Amin Hossain,Right hand Bat,Right arm Medium fast,https://www.espncricinfo.com/cricketers/al-amin-hossain-511532,Success
Aleem Dar,Right hand Bat,Legbreak,https://www.espncricinfo.com/cricketers/aleem-dar-39157,Success
Amjad Javed,Right hand Bat,Right arm Medium,https://www.espncricinfo.com/cricketers/amjad-javed-25613,Success
Anamul Haque,Right hand Bat,N/A,https://www.espncricinfo.com/cricketers/anamul-haque-380354,Success
Anisur Rahman,N/A,Left arm Medium fast,https://www.espncricinfo.com/cricketers/anisur-rahman-56222,Success
Anshuman Rath,Left hand Bat,Slow Left arm Orthodox,https://www.espncricinfo.com/cricketers/anshuman-rath-452472,Success
Anwar Ali,Right hand Bat,Right arm Medium fast,https://www.espncricinfo.com/cricketers/anwar-ali-232491,Success
Arafat Sunny,Left hand Bat,Slow Left arm Orthodox,https://www.espncricinfo.com/cricketers/arafat-sunny-56268,Success
Ariful Haque,Right hand Bat,Right arm Medium fast,https://www.espncricinfo.com/cricketers/ariful-haque-270135,Success
Arshdeep Singh,Left hand Bat,Left arm Medium fast,https://www.espncricinfo.com/cricketers/arshdeep-singh-1125976,Success
Aryan Lakra,Left hand Bat,Slow Left arm Orthodox,https://www.espncricinfo.com/cricketers/aryan-lakra-1058989,Success
Asad Rauf,Right hand Bat,Right arm Offbreak,https://www.espncricinfo.com/cricketers/asad-rauf-39219,Success
Asad Shafiq,Right hand Bat,Right arm Offbreak,https://www.espncricinfo.com/cricketers/asad-shafiq-316397,Success
Asif Ali,Right hand Bat,Right arm Offbreak,https://www.espncricinfo.com/cricketers/asif-ali-494230,Success
Asif Yaqoob,N/A,N/A,https://www.espncricinfo.com/cricketers/asif-yaqoob-681417,No style info
Ateeq Iqbal,Right hand Bat,Right arm Medium,https://www.espncricinfo.com/cricketers/ateeq-iqbal-1199892,Success
Avesh Khan,Right hand Bat,Right arm Fast medium,https://www.espncricinfo.com/cricketers/avesh-khan-694211,Success
B Evans,Right hand Bat,Right arm Fast,https://www.espncricinfo.com/cricketers/b-evans-696127,Success
B Fernando,Right hand Bat,Left arm Medium fast,https://www.espncricinfo.com/cricketers/b-fernando-629080,Success
B Kumar,Right hand Bat,Right arm Medium,https://www.espncricinfo.com/cricketers/b-kumar-326016,Success
B Laughlin,Right hand Bat,Right arm Fast medium,https://www.espncricinfo.com/cricketers/b-laughlin-315623,Success
B Lee,Right hand Bat,Right arm Fast,https://www.espncricinfo.com/cricketers/b-lee-6278,Success
B Muzarabani,Right hand Bat,Right arm Fast medium,https://www.espncricinfo.com/cricketers/b-muzarabani-827051,Success
B Shikongo,Right hand Bat,Right arm Medium fast,https://www.espncricinfo.com/cricketers/b-shikongo-1069820,Success
B Stanlake,Left hand Bat,Right arm Fast,https://www.espncricinfo.com/cricketers/b-stanlake-533042,Success
BA King,Right hand Bat,N/A,https://www.espncricinfo.com/cricketers/ba-king-670035,Success
BA Stokes,Left hand Bat,Right arm Fast medium,https://www.espncricinfo.com/cricketers/ba-stokes-311158,Success
BAW Mendis,Right hand Bat,Right arm Offbreak,https://www.espncricinfo.com/cricketers/baw-mendis-268739,Success
BB McCullum,Right hand Bat,"Right arm Medium, Right arm Offbreak",https://www.espncricinfo.com/cricketers/bb-mccullum-37737,Success
BC Broad,Left hand Bat,Right arm Medium,https://www.espncricinfo.com/cricketers/bc-broad-9230,Success
BC Fortuin,Right hand Bat,Slow Left arm Orthodox,https://www.espncricinfo.com/cricketers/bc-fortuin-553249,Success
BCJ Cutting,Right hand Bat,Right arm Fast medium,https://www.espncricinfo.com/cricketers/bcj-cutting-230371,Success
BD Glover,Right hand Bat,Right arm Fast,https://www.espncricinfo.com/cricketers/bd-glover-595419,Success
BF Bowden,N/A,N/A,https://www.espncricinfo.com/cricketers/bf-bowden-36339,No style info
BF Calitz,Left hand Bat,Right arm Slow,https://www.espncricinfo.com/cricketers/bf-calitz-1193295,Success
BFW de Leede,Right hand Bat,Right arm Fast medium,https://www.espncricinfo.com/cricketers/bfw-de-leede-1036191,Success
BG Frost,N/A,N/A,https://www.espncricinfo.com/cricketers/bg-frost-37013,No style info
BG Lister,Right hand Bat,Left arm Fast medium,https://www.espncricinfo.com/cricketers/bg-lister-1125536,Success
BJ Bennett,Right hand Bat,Right arm Offbreak,https://www.espncricinfo.com/cricketers/bj-bennett-1071484,Success
BJ Haddin,Right hand Bat,N/A,https://www.espncricinfo.com/cricketers/bj-haddin-5560,Success
BJ Hodge,Right hand Bat,Right arm Offbreak,https://www.espncricinfo.com/cricketers/bj-hodge-5674,Success
BJ McCarthy,Right hand Bat,Right arm Fast medium,https://www.espncricinfo.com/cricketers/bj-mccarthy-348059,Success
BJ Watling,Right hand Bat,N/A,https://www.espncricinfo.com/cricketers/bj-watling-38924,Success
BKG Mendis,Right hand Bat,Legbreak,https://www.espncricinfo.com/cricketers/bkg-mendis-629074,Success
BM Duckett,Left hand Bat,Right arm Offbreak,https://www.espncricinfo.com/cricketers/bm-duckett-521637,Success
BM Scholtz,Right hand Bat,Slow Left arm Orthodox,https://www.espncricinfo.com/cricketers/bm-scholtz-330223,Success
BMAJ Mendis,Left hand Bat,Legbreak,https://www.espncricinfo.com/cricketers/bmaj-mendis-49700,Success
BN Cooper,Left hand Bat,Right arm Medium,https://www.espncricinfo.com/cricketers/bn-cooper-470699,Success
BNJ Oxenford,Right hand Bat,Legbreak Googly,https://www.espncricinfo.com/cricketers/bnj-oxenford-7029,Success
BOP Fernando,Right hand Bat,Legbreak,https://www.espncricinfo.com/cricketers/bop-fernando-366725,Success
BP Jele,N/A,N/A,https://www.espncricinfo.com/cricketers/bp-jele-432064,No style info
BR Doctrove,Right hand Bat,N/A,https://www.espncricinfo.com/cricketers/br-doctrove-51662,Success
BR Dunk,Left hand Bat,Right arm Offbreak,https://www.espncricinfo.com/cricketers/br-dunk-388678,Success
BR McDermott,Right hand Bat,Right arm Medium,https://www.espncricinfo.com/cricketers/br-mcdermott-603410,Success
BRM Taylor,Right hand Bat,Right arm Offbreak,https://www.espncricinfo.com/cricketers/brm-taylor-55814,Success
BV Vitori,Left hand Bat,Left arm Fast medium,https://www.espncricinfo.com/cricketers/bv-vitori-235514,Success
Babar Azam,Right hand Bat,Right arm Offbreak,https://www.espncricinfo.com/cricketers/babar-azam-348144,Success
Babar Hayat,Right hand Bat,Right arm Medium,https://www.espncricinfo.com/cricketers/babar-hayat-539304,Success
Basil Hameed,Right hand Bat,Right arm Offbreak,https://www.espncricinfo.com/cricketers/basil-hameed-1209110,Success
Bilawal Bhatti,Right hand Bat,Right arm Medium fast,https://www.espncricinfo.com/cricketers/bilawal-bhatti-343305,Success
Bismillah Shinwari,N/A,N/A,https://www.espncricinfo.com/cricketers/bismillah-shinwari-791965,No style info
C Campher,Right hand Bat,Right arm Medium fast,https://www.espncricinfo.com/cricketers/c-campher-595921,Success
C Connolly,Left hand Bat,Slow Left arm Orthodox,https://www.espncricinfo.com/cricketers/c-connolly-1210488,Success
C Green,Right hand Bat,Right arm Fast medium,https://www.espncricinfo.com/cricketers/c-green-1076713,Success
C Karunaratne,Right hand Bat,Right arm Medium fast,https://www.espncricinfo.com/cricketers/c-karunaratne-623695,Success
C Kieswetter,Right hand Bat,Right arm Offbreak,https://www.espncricinfo.com/cricketers/c-kieswetter-230855,Success
C Madande,Right hand Bat,N/A,https://www.espncricinfo.com/cricketers/c-madande-1045883,Success
C Munro,Left hand Bat,Right arm Medium fast,https://www.espncricinfo.com/cricketers/c-munro-232359,Success
C Sakariya,Left hand Bat,Left arm Medium fast,https://www.espncricinfo.com/cricketers/c-sakariya-1131754,Success
C Shamshuddin,N/A,N/A,https://www.espncricinfo.com/cricketers/c-shamshuddin-340535,No style info
C Wickramasinghe,Left hand Bat,Right arm Medium fast,https://www.espncricinfo.com/cricketers/c-wickramasinghe-1186658,Success
C de Grandhomme,Right hand Bat,Right arm Medium fast,https://www.espncricinfo.com/cricketers/c-de-grandhomme-55395,Success
CA Young,Right hand Bat,Right arm Fast medium,https://www.espncricinfo.com/cricketers/ca-young-364343,Success
CAK Rajitha,Right hand Bat,Right arm Medium fast,https://www.espncricinfo.com/cricketers/cak-rajitha-499594,Success
CB Gaffaney,Right hand Bat,N/A,https://www.espncricinfo.com/cricketers/cb-gaffaney-37097,Success
CB Mpofu,Right hand Bat,Right arm Fast medium,https://www.espncricinfo.com/cricketers/cb-mpofu-55633,Success
CBRLS Kumara,Left hand Bat,Right arm Fast,https://www.espncricinfo.com/cricketers/cbrls-kumara-784375,Success
CD McMillan,Right hand Bat,Right arm Medium,https://www.espncricinfo.com/cricketers/cd-mcmillan-37712,Success
CG Williams,Right hand Bat,Right arm Medium,https://www.espncricinfo.com/cricketers/cg-williams-316102,Success
CH Gayle,Left hand Bat,Right arm Offbreak,https://www.espncricinfo.com/cricketers/ch-gayle-51880,Success
CH Lloyd,Left hand Bat,Right arm Medium,https://www.espncricinfo.com/cricketers/ch-lloyd-52345,Success
CH Morris,Right hand Bat,Right arm Fast medium,https://www.espncricinfo.com/cricketers/ch-morris-439952,Success
CJ Anderson,Left hand Bat,Left arm Medium fast,https://www.espncricinfo.com/cricketers/cj-anderson-277662,Success
CJ Bowes,Right hand Bat,Right arm Medium,https://www.espncricinfo.com/cricketers/cj-bowes-379890,Success
CJ Dala,Right hand Bat,Right arm Medium,https://www.espncricinfo.com/cricketers/cj-dala-545467,Success
CJ Jordan,Right hand Bat,Right arm Fast medium,https://www.espncricinfo.com/cricketers/cj-jordan-288992,Success
CJ McKay,Right hand Bat,Right arm Fast medium,https://www.espncricinfo.com/cricketers/cj-mckay-6903,Success
CK Coventry,Right hand Bat,Legbreak,https://www.espncricinfo.com/cricketers/ck-coventry-55329,Success
CK Kapugedera,Right hand Bat,Right arm Medium,https://www.espncricinfo.com/cricketers/ck-kapugedera-209457,Success
CK Nandan,N/A,N/A,https://www.espncricinfo.com/cricketers/ck-nandan-31919,No style info
CL White,Right hand Bat,Legbreak Googly,https://www.espncricinfo.com/cricketers/cl-white-8291,Success
CM Brown,Right hand Bat,Right arm Fast medium,https://www.espncricinfo.com/cricketers/cm-brown-36352,Success
CN Ackermann,Right hand Bat,Right arm Offbreak,https://www.espncricinfo.com/cricketers/cn-ackermann-379774,Success
CO Obuya,Right hand Bat,Legbreak,https://www.espncricinfo.com/cricketers/co-obuya-24752,Success
CP Rizwan,Right hand Bat,Legbreak Googly,https://www.espncricinfo.com/cricketers/cp-rizwan-474760,Success
CR Brathwaite,Right hand Bat,Right arm Fast medium,https://www.espncricinfo.com/cricketers/cr-brathwaite-457249,Success
CR Ervine,Left hand Bat,Right arm Offbreak,https://www.espncricinfo.com/cricketers/cr-ervine-55412,Success
CR Woakes,Right hand Bat,Right arm Fast medium,https://www.espncricinfo.com/cricketers/cr-woakes-247235,Success
CRD Fernando,Right hand Bat,Right arm Fast medium,https://www.espncricinfo.com/cricketers/crd-fernando-48835,Success
CS Martin,Right hand Bat,Right arm Fast medium,https://www.espncricinfo.com/cricketers/cs-martin-37700,Success
CU Jayasinghe,Right hand Bat,Right arm Medium,https://www.espncricinfo.com/cricketers/cu-jayasinghe-49287,Success
CV Varun,Right hand Bat,Legbreak Googly,https://www.espncricinfo.com/cricketers/cv-varun-1108375,Success
Chirag Suri,Right hand Bat,"Right arm Offbreak, Legbreak Googly",https://www.espncricinfo.com/cricketers/chirag-suri-534734,Success
D Bishoo,Left hand Bat,Legbreak,https://www.espncricinfo.com/cricketers/d-bishoo-341593,Success
D Madushanka,Right hand Bat,Left arm Fast medium,https://www.espncricinfo.com/cricketers/d-madushanka-793007,Success
D Myers,Right hand Bat,Right arm Medium,https://www.espncricinfo.com/cricketers/d-myers-946517,Success
D Padikkal,Left hand Bat,Right arm Offbreak,https://www.espncricinfo.com/cricketers/d-padikkal-1119026,Success
D Paterson,Right hand Bat,Right arm Fast medium,https://www.espncricinfo.com/cricketers/d-paterson-327947,Success
D Pretorius,Right hand Bat,Right arm Medium fast,https://www.espncricinfo.com/cricketers/d-pretorius-327830,Success
D Ramdin,Right hand Bat,N/A,https://www.espncricinfo.com/cricketers/d-ramdin-52917,Success
D Wiese,Right hand Bat,Right arm Medium fast,https://www.espncricinfo.com/cricketers/d-wiese-221140,Success
D la Cock,Right hand Bat,Legbreak,https://www.espncricinfo.com/cricketers/d-la-cock-1178065,Success
DA Cosker,Right hand Bat,Slow Left arm Orthodox,https://www.espncricinfo.com/cricketers/da-cosker-10820,Success
DA Miller,Left hand Bat,Right arm Offbreak,https://www.espncricinfo.com/cricketers/da-miller-321777,Success
DA Warner,Left hand Bat,Legbreak,https://www.espncricinfo.com/cricketers/da-warner-219889,Success
DAJ Bracewell,Right hand Bat,Right arm Fast medium,https://www.espncricinfo.com/cricketers/daj-bracewell-362541,Success
DAS Gunaratne,Right hand Bat,Right arm Medium fast,https://www.espncricinfo.com/cricketers/das-gunaratne-360456,Success
DC Boon,Right hand Bat,Right arm Offbreak,https://www.espncricinfo.com/cricketers/dc-boon-4169,Success
DJ Bravo,Right hand Bat,Right arm Medium,https://www.espncricinfo.com/cricketers/dj-bravo-51439,Success
DJ Harper,Right hand Bat,N/A,https://www.espncricinfo.com/cricketers/dj-harper-5578,Success
DJ Hooda,Right hand Bat,Right arm Offbreak,https://www.espncricinfo.com/cricketers/dj-hooda-497121,Success
DJ Hussey,Right hand Bat,Right arm Offbreak,https://www.espncricinfo.com/cricketers/dj-hussey-5766,Success
DJ Malan,Left hand Bat,Legbreak,https://www.espncricinfo.com/cricketers/dj-malan-236489,Success
DJ Millns,Left hand Bat,Right arm Fast,https://www.espncricinfo.com/cricketers/dj-millns-17034,Success
DJ Mitchell,Right hand Bat,Right arm Medium,https://www.espncricinfo.com/cricketers/dj-mitchell-381743,Success
DJ Walker,Left hand Bat,Right arm Medium,https://www.espncricinfo.com/cricketers/dj-walker-38779,Success
DJ Willey,Left hand Bat,Left arm Fast medium,https://www.espncricinfo.com/cricketers/dj-willey-308251,Success
DJG Sammy,Right hand Bat,Right arm Medium,https://www.espncricinfo.com/cricketers/djg-sammy-53115,Success
DL Chahar,Right hand Bat,Right arm Medium,https://www.espncricinfo.com/cricketers/dl-chahar-447261,Success
DL Vettori,Left hand Bat,Slow Left arm Orthodox,https://www.espncricinfo.com/cricketers/dl-vettori-38710,Success
DM Koch,Right hand Bat,Right arm Medium fast,https://www.espncricinfo.com/cricketers/dm-koch-45823,Success
DM de Silva,Right hand Bat,Right arm Offbreak,https://www.espncricinfo.com/cricketers/dm-de-silva-465793,Success
DN Wellalage,Left hand Bat,Slow Left arm Orthodox,https://www.espncricinfo.com/cricketers/dn-wellalage-1152427,Success
DO Obuya,Right hand Bat,N/A,https://www.espncricinfo.com/cricketers/do-obuya-24760,Success
DP Conway,Left hand Bat,Right arm Medium,https://www.espncricinfo.com/cricketers/dp-conway-379140,Success
DP Nannes,Right hand Bat,Left arm Fast,https://www.espncricinfo.com/cricketers/dp-nannes-6981,Success
DPMD Jayawardene,Right hand Bat,Right arm Medium,https://www.espncricinfo.com/cricketers/dpmd-jayawardene-49289,Success
DR Sams,Right hand Bat,Left arm Fast medium,https://www.espncricinfo.com/cricketers/dr-sams-826901,Success
DR Smith,Right hand Bat,Right arm Medium,https://www.espncricinfo.com/cricketers/dr-smith-53118,Success
DSK Madushanka,Right hand Bat,Right arm Fast medium,https://www.espncricinfo.com/cricketers/dsk-madushanka-1043681,Success
DT Johnston,Right hand Bat,Right arm Fast medium,https://www.espncricinfo.com/cricketers/dt-johnston-6038,Success
DW Steyn,Right hand Bat,Right arm Fast,https://www.espncricinfo.com/cricketers/dw-steyn-47492,Success
A Dananjaya,N/A,N/A,https://www.espncricinfo.com/cricketers/a-dananjaya-574178,No style info
E Chigumbura,N/A,N/A,https://www.espncricinfo.com/cricketers/e-chigumbura-55343,No style info
Ehsan Khan,Right hand Bat,Right arm Offbreak,https://www.espncricinfo.com/cricketers/ehsan-khan-40082,Success
Enamul Haque,Left hand Bat,Slow Left arm Orthodox,https://www.espncricinfo.com/cricketers/enamul-haque-55878,Success
Faheem Ashraf,Left hand Bat,Right arm Medium,https://www.espncricinfo.com/cricketers/faheem-ashraf-681117,Success
Faisal Afridi,Right hand Bat,Right arm Fast medium,https://www.espncricinfo.com/cricketers/faisal-afridi-40109,Success
Fakhar Zaman,Left hand Bat,Slow Left arm Orthodox,https://www.espncricinfo.com/cricketers/fakhar-zaman-512191,Success
Farhad Reza,Right hand Bat,Right arm Fast medium,https://www.espncricinfo.com/cricketers/farhad-reza-55894,Success
Fawad Alam,Left hand Bat,Slow Left arm Orthodox,https://www.espncricinfo.com/cricketers/fawad-alam-40250,Success
Gazi Sohel,N/A,N/A,https://www.espncricinfo.com/cricketers/gazi-sohel-326122,No style info
Hammad Mirza,Right hand Bat,N/A,https://www.espncricinfo.com/cricketers/hammad-mirza-1453642,Success
Harbhajan Singh,Right hand Bat,Right arm Offbreak,https://www.espncricinfo.com/cricketers/harbhajan-singh-29264,Success
Haris Rauf,Right hand Bat,Right arm Fast,https://www.espncricinfo.com/cricketers/haris-rauf-1161606,Success
Haris Sohail,Left hand Bat,Slow Left arm Orthodox,https://www.espncricinfo.com/cricketers/haris-sohail-318788,Success
Harshit Rana,Right hand Bat,Right arm Fast,https://www.espncricinfo.com/cricketers/harshit-rana-1312645,Success
Hasan Ali,Right hand Bat,Right arm Medium fast,https://www.espncricinfo.com/cricketers/hasan-ali-681305,Success
Hussain Talat,Left hand Bat,Right arm Medium fast,https://www.espncricinfo.com/cricketers/hussain-talat-628240,Success
Iftikhar Ahmed,Right hand Bat,Right arm Offbreak,https://www.espncricinfo.com/cricketers/iftikhar-ahmed-480603,Success
E Lewis,Left hand Bat,N/A,https://www.espncricinfo.com/cricketers/e-lewis-431901,Success
E Malinga,Left hand Bat,Right arm Fast medium,https://www.espncricinfo.com/cricketers/e-malinga-1306214,Success
EA Watkin,N/A,N/A,https://www.espncricinfo.com/cricketers/ea-watkin-38762,No style info
EAR de Silva,Left hand Bat,Legbreak Googly,https://www.espncricinfo.com/cricketers/ear-de-silva-48456,Success
EC Joyce,Left hand Bat,Right arm Medium,https://www.espncricinfo.com/cricketers/ec-joyce-24249,Success
EJG Morgan,Left hand Bat,Right arm Medium,https://www.espncricinfo.com/cricketers/ejg-morgan-24598,Success
EMDY Munaweera,Right hand Bat,Right arm Offbreak,https://www.espncricinfo.com/cricketers/emdy-munaweera-304735,Success
Ebadat Hossain,Right hand Bat,Right arm Fast medium,https://www.espncricinfo.com/cricketers/ebadat-hossain-932355,Success
F Behardien,Right hand Bat,Right arm Fast medium,https://www.espncricinfo.com/cricketers/f-behardien-44410,Success
F Mutizwa,Right hand Bat,Right arm Offbreak,https://www.espncricinfo.com/cricketers/f-mutizwa-55641,Success
F du Plessis,Right hand Bat,Legbreak,https://www.espncricinfo.com/cricketers/f-du-plessis-44828,Success
FA Allen,Right hand Bat,Slow Left arm Orthodox,https://www.espncricinfo.com/cricketers/fa-allen-670013,Success
FH Allen,Right hand Bat,N/A,https://www.espncricinfo.com/cricketers/fh-allen-959759,Success
FH Edwards,Right hand Bat,Right arm Fast,https://www.espncricinfo.com/cricketers/fh-edwards-51782,Success
FJ Klaassen,Right hand Bat,Left arm Fast medium,https://www.espncricinfo.com/cricketers/fj-klaassen-1104703,Success
G Gambhir,Left hand Bat,Legbreak,https://www.espncricinfo.com/cricketers/g-gambhir-28763,Success
G Motie,Left hand Bat,"Slow Left arm Orthodox, Left arm Wrist spin",https://www.espncricinfo.com/cricketers/g-motie-670045,Success
G Wijekoon,Left hand Bat,Left arm Medium,https://www.espncricinfo.com/cricketers/g-wijekoon-50345,Success
GA Abood,Right hand Bat,N/A,https://www.espncricinfo.com/cricketers/ga-abood-226132,Success
GA Lamb,Right hand Bat,Right arm Offbreak,https://www.espncricinfo.com/cricketers/ga-lamb-55562,Success
GAV Baxter,N/A,N/A,https://www.espncricinfo.com/cricketers/gav-baxter-36337,No style info
GD Elliott,Right hand Bat,Right arm Medium,https://www.espncricinfo.com/cricketers/gd-elliott-44956,Success
GD Phillips,Right hand Bat,Right arm Offbreak,https://www.espncricinfo.com/cricketers/gd-phillips-823509,Success
GH Dockrell,Right hand Bat,Slow Left arm Orthodox,https://www.espncricinfo.com/cricketers/gh-dockrell-348034,Success
GJ Bailey,Right hand Bat,Right arm Medium,https://www.espncricinfo.com/cricketers/gj-bailey-4451,Success
GJ Delany,Right hand Bat,Legbreak Googly,https://www.espncricinfo.com/cricketers/gj-delany-1099379,Success
GJ Hopkins,Right hand Bat,N/A,https://www.espncricinfo.com/cricketers/gj-hopkins-37248,Success
GJ Maxwell,Right hand Bat,Right arm Offbreak,https://www.espncricinfo.com/cricketers/gj-maxwell-325026,Success
GO Brathwaite,N/A,N/A,https://www.espncricinfo.com/cricketers/go-brathwaite-445483,No style info
GO Jones,Right hand Bat,N/A,https://www.espncricinfo.com/cricketers/go-jones-15501,Success
GP Swann,Right hand Bat,Right arm Offbreak,https://www.espncricinfo.com/cricketers/gp-swann-20431,Success
GR Adair,Right hand Bat,Slow Left arm Orthodox,https://www.espncricinfo.com/cricketers/gr-adair-468573,Success
GSNFG Jayasuriya,Left hand Bat,Right arm Offbreak,https://www.espncricinfo.com/cricketers/gsnfg-jayasuriya-422965,Success
H Davids,Right hand Bat,Right arm Medium fast,https://www.espncricinfo.com/cricketers/h-davids-44752,Success
H Grewal,N/A,N/A,https://www.espncricinfo.com/cricketers/h-grewal-373546,No style info
H Klaasen,Right hand Bat,Right arm Offbreak,https://www.espncricinfo.com/cricketers/h-klaasen-436757,Success
H Masakadza,Right hand Bat,Right arm Medium,https://www.espncricinfo.com/cricketers/h-masakadza-55608,Success
HB Shipley,Right hand Bat,Right arm Medium fast,https://www.espncricinfo.com/cricketers/hb-shipley-962831,Success
HC Brook,Right hand Bat,Right arm Medium,https://www.espncricinfo.com/cricketers/hc-brook-911707,Success
HD Rutherford,Left hand Bat,Slow Left arm Orthodox,https://www.espncricinfo.com/cricketers/hd-rutherford-331375,Success
HDPK Dharmasena,Right hand Bat,Right arm Offbreak,https://www.espncricinfo.com/cricketers/hdpk-dharmasena-48469,Success
HDRL Thirimanne,Left hand Bat,Right arm Medium fast,https://www.espncricinfo.com/cricketers/hdrl-thirimanne-301236,Success
HE van der Dussen,Right hand Bat,Legbreak,https://www.espncricinfo.com/cricketers/he-van-der-dussen-337790,Success
HF Gurney,Right hand Bat,Left arm Fast medium,https://www.espncricinfo.com/cricketers/hf-gurney-244639,Success
HG Kuhn,Right hand Bat,N/A,https://www.espncricinfo.com/cricketers/hg-kuhn-45955,Success
HH Pandya,Right hand Bat,Right arm Medium fast,https://www.espncricinfo.com/cricketers/hh-pandya-625371,Success
HM Amla,Right hand Bat,"Right arm Medium, Right arm Offbreak",https://www.espncricinfo.com/cricketers/hm-amla-43906,Success
HM Nicholls,Left hand Bat,Right arm Offbreak,https://www.espncricinfo.com/cricketers/hm-nicholls-539511,Success
HMCM Bandara,Right hand Bat,Legbreak,https://www.espncricinfo.com/cricketers/hmcm-bandara-48284,Success
HMRKB Herath,Left hand Bat,Slow Left arm Orthodox,https://www.espncricinfo.com/cricketers/hmrkb-herath-49178,Success
HN Ya France,Right hand Bat,Right arm Offbreak,https://www.espncricinfo.com/cricketers/hn-ya-france-308410,Success
HT Tector,Right hand Bat,Right arm Offbreak,https://www.espncricinfo.com/cricketers/ht-tector-961407,Success
HV Patel,Right hand Bat,Right arm Medium,https://www.espncricinfo.com/cricketers/hv-patel-390481,Success
I Chabi,N/A,N/A,https://www.espncricinfo.com/cricketers/i-chabi-453294,No style info
I Sharma,Right hand Bat,Right arm Fast medium,https://www.espncricinfo.com/cricketers/i-sharma-236779,Success
I Udana,Right hand Bat,Left arm Medium fast,https://www.espncricinfo.com/cricketers/i-udana-328026,Success
IC Soysa,Right hand Bat,Right arm Medium,https://www.espncricinfo.com/cricketers/ic-soysa-50433,Success
ID Gunawardene,Left hand Bat,Right arm Medium,https://www.espncricinfo.com/cricketers/id-gunawardene-49018,Success
IG Butler,Right hand Bat,Right arm Fast,https://www.espncricinfo.com/cricketers/ig-butler-36331,Success
IJ Gould,Left hand Bat,N/A,https://www.espncricinfo.com/cricketers/ij-gould-13414,Success
IK Pathan,Left hand Bat,Left arm Medium fast,https://www.espncricinfo.com/cricketers/ik-pathan-32685,Success
IL Howell,Left hand Bat,Left arm Medium,https://www.espncricinfo.com/cricketers/il-howell-45454,Success
IR Bell,Right hand Bat,Right arm Medium,https://www.espncricinfo.com/cricketers/ir-bell-9062,Success
IS Sodhi,Right hand Bat,Legbreak,https://www.espncricinfo.com/cricketers/is-sodhi-559066,Success
Iftikhar Ali,N/A,N/A,https://www.espncricinfo.com/cricketers/iftikhar-ali-342188,No style info
Iftikhar Anjum,Right hand Bat,Right arm Medium,https://www.espncricinfo.com/cricketers/iftikhar-anjum-40591,Success
Imad Wasim,Left hand Bat,Slow Left arm Orthodox,https://www.espncricinfo.com/cricketers/imad-wasim-227758,Success
Imran Farhat,Left hand Bat,Legbreak,https://www.espncricinfo.com/cricketers/imran-farhat-40582,Success
Imran Nazir,Right hand Bat,Legbreak,https://www.espncricinfo.com/cricketers/imran-nazir-40563,Success
Imran Tahir,Right hand Bat,Legbreak Googly,https://www.espncricinfo.com/cricketers/imran-tahir-40618,Success
Imrul Kayes,Left hand Bat,Slow Left arm Orthodox,https://www.espncricinfo.com/cricketers/imrul-kayes-280734,Success
Ishan Kishan,Left hand Bat,"Right arm Offbreak, Legbreak",https://www.espncricinfo.com/cricketers/ishan-kishan-720471,Success
Izatullah Safi,N/A,N/A,https://www.espncricinfo.com/cricketers/izatullah-safi-790393,No style info
J Botha,Right hand Bat,Right arm Offbreak,https://www.espncricinfo.com/cricketers/j-botha-44149,Success
J Charles,Right hand Bat,N/A,https://www.espncricinfo.com/cricketers/j-charles-333066,Success
J Little,Right hand Bat,Left arm Fast medium,https://www.espncricinfo.com/cricketers/j-little-928067,Success
J Liyanage,Right hand Bat,Right arm Fast medium,https://www.espncricinfo.com/cricketers/j-liyanage-681681,Success
J Madanagopal,Right hand Bat,Right arm Offbreak,https://www.espncricinfo.com/cricketers/j-madanagopal-31282,Success
J Mubarak,Left hand Bat,Right arm Offbreak,https://www.espncricinfo.com/cricketers/j-mubarak-49633,Success
J Overton,Right hand Bat,Right arm Fast,https://www.espncricinfo.com/cricketers/j-overton-510530,Success
J Ramanandi,Left hand Bat,Left arm Medium,https://www.espncricinfo.com/cricketers/j-ramanandi-1457840,Success
J Srinath,Right hand Bat,Right arm Fast medium,https://www.espncricinfo.com/cricketers/j-srinath-34105,Success
JA Clarkson,Right hand Bat,Right arm Medium,https://www.espncricinfo.com/cricketers/ja-clarkson-928015,Success
JA Duffy,Right hand Bat,Right arm Fast medium,https://www.espncricinfo.com/cricketers/ja-duffy-547766,Success
JA Morkel,Left hand Bat,Right arm Medium fast,https://www.espncricinfo.com/cricketers/ja-morkel-46248,Success
JA Richardson,Right hand Bat,Right arm Fast,https://www.espncricinfo.com/cricketers/ja-richardson-774223,Success
JAH Marshall,Right hand Bat,Right arm Medium,https://www.espncricinfo.com/cricketers/jah-marshall-37698,Success
JC Archer,Right hand Bat,Right arm Fast,https://www.espncricinfo.com/cricketers/jc-archer-669855,Success
JC Buttler,Right hand Bat,N/A,https://www.espncricinfo.com/cricketers/jc-buttler-308967,Success
JC Tredwell,Left hand Bat,Right arm Offbreak,https://www.espncricinfo.com/cricketers/jc-tredwell-21646,Success
JH Kallis,Right hand Bat,Right arm Fast medium,https://www.espncricinfo.com/cricketers/jh-kallis-45789,Success
JJ Crowe,Right hand Bat,Right arm Medium,https://www.espncricinfo.com/cricketers/jj-crowe-36620,Success
JJ Smit,Right hand Bat,Left arm Medium fast,https://www.espncricinfo.com/cricketers/jj-smit-553821,Success
JL Denly,Right hand Bat,Legbreak,https://www.espncricinfo.com/cricketers/jl-denly-12454,Success
JP Duminy,Left hand Bat,Right arm Offbreak,https://www.espncricinfo.com/cricketers/jp-duminy-44932,Success
JS Patel,Right hand Bat,Right arm Offbreak,https://www.espncricinfo.com/cricketers/js-patel-38141,Success
Jahurul Islam,Right hand Bat,Right arm Offbreak,https://www.espncricinfo.com/cricketers/jahurul-islam-55944,Success
Jaker Ali,Right hand Bat,N/A,https://www.espncricinfo.com/cricketers/jaker-ali-824541,Success
Jatinder Singh,Right hand Bat,Right arm Offbreak,https://www.espncricinfo.com/cricketers/jatinder-singh-307756,Success
Junaid Siddique,Right hand Bat,Right arm Medium fast,https://www.espncricinfo.com/cricketers/junaid-siddique-(2)-1203754,Success
KC Sangakkara,Left hand Bat,Right arm Offbreak,https://www.espncricinfo.com/cricketers/kc-sangakkara-50710,Success
KD Karthik,Right hand Bat,Right arm Offbreak,https://www.espncricinfo.com/cricketers/kd-karthik-30045,Success
KJ O'Brien,Right hand Bat,Right arm Medium fast,https://www.espncricinfo.com/cricketers/kj-o'brien-24605,Success
KL Rahul,Right hand Bat,N/A,https://www.espncricinfo.com/cricketers/kl-rahul-422108,Success
KM Jarvis,Right hand Bat,Right arm Fast medium,https://www.espncricinfo.com/cricketers/km-jarvis-332996,Success
KMDN Kulasekara,Right hand Bat,Right arm Fast medium,https://www.espncricinfo.com/cricketers/kmdn-kulasekara-49535,Success
KN Ananthapadmanabhan,Right hand Bat,Legbreak,https://www.espncricinfo.com/cricketers/kn-ananthapadmanabhan-26241,Success
KP Pietersen,Right hand Bat,Right arm Offbreak,https://www.espncricinfo.com/cricketers/kp-pietersen-19296,Success
KS Williamson,Right hand Bat,Right arm Offbreak,https://www.espncricinfo.com/cricketers/ks-williamson-277906,Success
KTGD Prasad,Right hand Bat,Right arm Fast medium,https://www.espncricinfo.com/cricketers/ktgd-prasad-50163,Success
Kamran Akmal,Right hand Bat,Right arm Medium,https://www.espncricinfo.com/cricketers/kamran-akmal-41028,Success
Kashif Daud,Right hand Bat,Right arm Medium fast,https://www.espncricinfo.com/cricketers/kashif-daud-229225,Success
Khalid Latif,Right hand Bat,Right arm Offbreak,https://www.espncricinfo.com/cricketers/khalid-latif-41046,Success
Khawaja Nafay,Right hand Bat,N/A,https://www.espncricinfo.com/cricketers/khawaja-nafay-1329699,Success
Khushdil Shah,Left hand Bat,Slow Left arm Orthodox,https://www.espncricinfo.com/cricketers/khushdil-shah-716733,Success
Kuldeep Yadav,Left hand Bat,Left arm Wrist spin,https://www.espncricinfo.com/cricketers/kuldeep-yadav-559235,Success
L Wood,Right hand Bat,Right arm Fast,https://www.espncricinfo.com/cricketers/l-wood-573170,Success
LA Dawson,Right hand Bat,Right arm Offbreak,https://www.espncricinfo.com/cricketers/la-dawson-211855,Success
LRPL Taylor,Right hand Bat,Right arm Offbreak,https://www.espncricinfo.com/cricketers/lrpl-taylor-38699,Success
Liton Das,Right hand Bat,Right Arm Off Spin,https://www.espncricinfo.com/cricketers/liton-das-536936,Success
M Burns,Right hand Bat,Right arm Medium,https://www.espncricinfo.com/cricketers/m-burns-9305,Success
M Erasmus,Right hand Bat,Right arm Offbreak,https://www.espncricinfo.com/cricketers/m-erasmus-44971,Success
M Klinger,Right hand Bat,|        Role = Batter,https://www.espncricinfo.com/cricketers/m-klinger-6161,Success
M Morkel,Left hand Bat,Right arm Fast,https://www.espncricinfo.com/cricketers/m-morkel-46538,Success
M Muralitharan,Right hand Bat,Right arm Offbreak,https://www.espncricinfo.com/cricketers/m-muralitharan-49636,Success
M Pathirana,Right hand Bat,Right arm Fast,https://www.espncricinfo.com/cricketers/m-pathirana-1194795,Success
MA Gough,Right hand Bat,Right arm Offbreak,https://www.espncricinfo.com/cricketers/ma-gough-13413,Success
MDK Perera,Right hand Bat,Right arm Offbreak,https://www.espncricinfo.com/cricketers/mdk-perera-49920,Success
ME Trescothick,Left hand Bat,Right arm Medium,https://www.espncricinfo.com/cricketers/me-trescothick-21585,Success
MEK Hussey,Left hand Bat,Right arm Medium,https://www.espncricinfo.com/cricketers/mek-hussey-5939,Success
MF Maharoof,Right hand Bat,Right arm Fast medium,https://www.espncricinfo.com/cricketers/mf-maharoof-49638,Success
MG Johnson,Left hand Bat,Left arm Fast,https://www.espncricinfo.com/cricketers/mg-johnson-6033,Success
MJ Clarke,Right hand Bat,Slow Left arm Orthodox,https://www.espncricinfo.com/cricketers/mj-clarke-4578,Success
ML Hayden,Left hand Bat,Right arm Fast medium,https://www.espncricinfo.com/cricketers/ml-hayden-5616,Success
MM Ali,Left hand Bat,Right arm Offbreak,https://www.espncricinfo.com/cricketers/mm-ali-8917,Success
MR Benson,Left hand Bat,Right Arm Off Spin,https://www.espncricinfo.com/cricketers/mr-benson-9074,Success
MS Atapattu,Right hand Bat,Legbreak,https://www.espncricinfo.com/cricketers/ms-atapattu-48124,Success
MS Dhoni,Right hand Bat,Right arm Medium,https://www.espncricinfo.com/cricketers/ms-dhoni-28081,Success
Mahedi Hasan,Right hand Bat,Right arm Offbreak,https://www.espncricinfo.com/cricketers/mahedi-hasan-833087,Success
Mahmudullah,Right hand Bat,Right arm Offbreak,https://www.espncricinfo.com/cricketers/mahmudullah-56025,Success
Mashrafe Mortaza,Right hand Bat,Right arm Fast,https://www.espncricinfo.com/cricketers/mashrafe-mortaza-56007,Success
Masudur Rahman,Right hand Bat,Right arm Offbreak,https://www.espncricinfo.com/cricketers/masudur-rahman-55994,Success
Mehedi Hasan Miraz,Right hand Bat,Right arm Offbreak,https://www.espncricinfo.com/cricketers/mehedi-hasan-miraz-629063,Success
Misbah-ul-Haq,Right hand Bat,Legbreak,https://www.espncricinfo.com/cricketers/misbah-ul-haq-41378,Success
Mohammad Amir,Left hand Bat,Left arm Fast,https://www.espncricinfo.com/cricketers/mohammad-amir-290948,Success
Mohammad Ashraful,Right hand Bat,Legbreak,https://www.espncricinfo.com/cricketers/mohammad-ashraful-55988,Success
Mohammad Asif,Left hand Bat,Right Armed Medium Fast,https://www.espncricinfo.com/cricketers/mohammad-asif-41411,Success
Mohammad Hafeez,Right hand Bat,Right arm Offbreak,https://www.espncricinfo.com/cricketers/mohammad-hafeez-41434,Success
Mohammad Haris,Right hand Bat,Right arm Offbreak,https://www.espncricinfo.com/cricketers/mohammad-haris-1205559,Success
Mohammad Hasnain,Right hand Bat,Right arm Fast,https://www.espncricinfo.com/cricketers/mohammad-hasnain-1158100,Success
Mohammad Irfan,Right hand Bat,Left arm Fast,https://www.espncricinfo.com/cricketers/mohammad-irfan-429981,Success
Mohammad Mithun,Right hand Bat,Right arm Offbreak,https://www.espncricinfo.com/cricketers/mohammad-mithun-269237,Success
Mohammad Nadeem,Right hand Bat,Right arm Medium fast,https://www.espncricinfo.com/cricketers/mohammad-nadeem-41984,Success
Mohammad Naim,Left hand Bat,|        Role = Opening Batter,https://www.espncricinfo.com/cricketers/mohammad-naim-990081,Success
Mohammad Naveed,Right hand Bat,Right arm Medium,https://www.espncricinfo.com/cricketers/mohammad-naveed-533862,Success
Mohammad Nawaz,Left hand Bat,Slow Left arm Orthodox,https://www.espncricinfo.com/cricketers/mohammad-nawaz-(3)-348148,Success
Mohammad Rizwan,Right hand Bat,Right arm Medium,https://www.espncricinfo.com/cricketers/mohammad-rizwan-323389,Success
Mohammad Saifuddin,Left hand Bat,Right arm Medium fast,https://www.espncricinfo.com/cricketers/mohammad-saifuddin-629070,Success
Mohammad Sami,Right hand Bat,Right arm Fast,https://www.espncricinfo.com/cricketers/mohammad-sami-41324,Success
Mohammad Shahzad,Right hand Bat,N/A,https://www.espncricinfo.com/cricketers/mohammad-shahzad-(2)-738445,Success
Mohammad Wasim,Right hand Bat,Right arm Fast medium,https://www.espncricinfo.com/cricketers/mohammad-wasim-1185538,Success
Mohammed Siraj,Right hand Bat,Right arm Fast,https://www.espncricinfo.com/cricketers/mohammed-siraj-940973,Success
Mominul Haque,Left hand Bat,Slow Left arm Orthodox,https://www.espncricinfo.com/cricketers/mominul-haque-373696,Success
Mosaddek Hossain,Right hand Bat,Right arm Offbreak,https://www.espncricinfo.com/cricketers/mosaddek-hossain-550133,Success
Mudassar Bukhari,Right hand Bat,Right arm Fast medium,https://www.espncricinfo.com/cricketers/mudassar-bukhari-245166,Success
Muhammad Usman,Left hand Bat,N/A,https://www.espncricinfo.com/cricketers/muhammad-usman-974719,Success
Mukhtar Ahmed,Right hand Bat,N/A,https://www.espncricinfo.com/cricketers/mukhtar-ahmed-556916,Success
Mushfiqur Rahim,Right hand Bat,Right arm Offbreak,https://www.espncricinfo.com/cricketers/mushfiqur-rahim-56029,Success
Mustafizur Rahman,Left hand Bat,Left arm Fast medium,https://www.espncricinfo.com/cricketers/mustafizur-rahman-330902,Success
N Pooran,Left hand Bat,Right arm Offbreak,https://www.espncricinfo.com/cricketers/n-pooran-604302,Success
N Rana,Right hand Bat,Right arm Fast,https://www.espncricinfo.com/cricketers/n-rana-604527,Success
N Thushara,Right hand Bat,Right arm Medium fast,https://www.espncricinfo.com/cricketers/n-thushara-955235,Success
NGB Cook,Right hand Bat,Slow Left arm Orthodox,https://www.espncricinfo.com/cricketers/ngb-cook-10797,Success
NJ Astle,Right hand Bat,Right arm Medium,https://www.espncricinfo.com/cricketers/nj-astle-36185,Success
NJ Llong,Left hand Bat,Right arm Offbreak,https://www.espncricinfo.com/cricketers/nj-llong-16314,Success
NLTC Perera,Left hand Bat,Right arm Medium fast,https://www.espncricinfo.com/cricketers/nltc-perera-233514,Success
Nadeem Khan,Right hand Bat,Slow Left arm Orthodox,https://www.espncricinfo.com/cricketers/nadeem-khan-(2)-1500478,Success
Nadif Chowdhury,Right hand Bat,Slow Left arm Orthodox,https://www.espncricinfo.com/cricketers/nadif-chowdhury-56053,Success
Naseem Shah,Right hand Bat,Right arm Fast,https://www.espncricinfo.com/cricketers/naseem-shah-1158088,Success
Nasir Hossain,Right hand Bat,Right arm Offbreak,https://www.espncricinfo.com/cricketers/nasir-hossain-300618,Success
Nasir Jamshed,Left hand Bat,Slow Left arm Orthodox,https://www.espncricinfo.com/cricketers/nasir-jamshed-42321,Success
Nasum Ahmed,Left hand Bat,Slow Left arm Orthodox,https://www.espncricinfo.com/cricketers/nasum-ahmed-348049,Success
Navdeep Saini,Right hand Bat,Right arm Fast,https://www.espncricinfo.com/cricketers/na-saini-700167,Success
Naved-ul-Hasan,Right hand Bat,Right arm Fast medium,https://www.espncricinfo.com/cricketers/naved-ul-hasan-42272,Success
Nazimuddin,Right hand Bat,Right arm Medium,https://www.espncricinfo.com/cricketers/nazimuddin-56059,Success
Nazmul Hossain Shanto,Left hand Bat,Right arm Offbreak,https://www.espncricinfo.com/cricketers/nazmul-hossain-shanto-629058,Success
Nazmul Islam,Left hand Bat,Slow Left arm Orthodox,https://www.espncricinfo.com/cricketers/nazmul-islam-446810,Success
Nitin Menon,Right hand Bat,N/A,https://www.espncricinfo.com/cricketers/nitin-menon-30988,Success
Nizakat Khan,Right hand Bat,Legbreak,https://www.espncricinfo.com/cricketers/nizakat-khan-350629,Success
Nurul Hasan,Right hand Bat,Right arm Offbreak,https://www.espncricinfo.com/cricketers/nurul-hasan-410765,Success
PC de Silva,Left hand Bat,Slow Left arm Orthodox,https://www.espncricinfo.com/cricketers/pc-de-silva-345825,Success
PD Collingwood,Right hand Bat,Right arm Medium,https://www.espncricinfo.com/cricketers/pd-collingwood-10772,Success
PG Fulton,Right hand Bat,Right arm Medium,https://www.espncricinfo.com/cricketers/pg-fulton-37091,Success
PHKD Mendis,Left hand Bat,Right arm Offbreak,https://www.espncricinfo.com/cricketers/phkd-mendis-784373,Success
PJ Hartley,Right hand Bat,Right arm Medium fast,https://www.espncricinfo.com/cricketers/pj-hartley-14083,Success
PM Seelaar,Right hand Bat,Slow Left arm Orthodox,https://www.espncricinfo.com/cricketers/pm-seelaar-208657,Success
PP Shaw,Right hand Bat,Right arm Offbreak,https://www.espncricinfo.com/cricketers/pp-shaw-1070168,Success
PR Reiffel,Right hand Bat,Right arm Fast medium,https://www.espncricinfo.com/cricketers/pr-reiffel-7326,Success
PR Stirling,Right hand Bat,Right arm Offbreak,https://www.espncricinfo.com/cricketers/pr-stirling-303427,Success
PVD Chameera,Right hand Bat,Right arm Fast,https://www.espncricinfo.com/cricketers/pvd-chameera-552152,Success
Parvez Hossain Emon,Left hand Bat,|        Role = Opening Batter,https://www.espncricinfo.com/cricketers/parvez-hossain-emon-1139511,Success
Phil Whitticase,Right hand Bat,N/A,https://www.espncricinfo.com/cricketers/phil-whitticase-22417,Success
Qadeer Ahmed,Right hand Bat,Right Handed Medium Fast,https://www.espncricinfo.com/cricketers/qadeer-ahmed-941959,Success
R Ashwin,Right hand Bat,Right arm Offbreak,https://www.espncricinfo.com/cricketers/r-ashwin-26421,Success
R Parag,Right hand Bat,Right arm Offbreak,https://www.espncricinfo.com/cricketers/r-parag-1079434,Success
R Ravindra,Left hand Bat,Slow Left arm Orthodox,https://www.espncricinfo.com/cricketers/r-ravindra-959767,Success
R Vinay Kumar,Right hand Bat,Right arm Medium fast,https://www.espncricinfo.com/cricketers/r-vinay-kumar-35731,Success
RA Jadeja,Left hand Bat,Slow Left arm Orthodox,https://www.espncricinfo.com/cricketers/ra-jadeja-234675,Success
RA Kettleborough,Left hand Bat,Right arm Fast medium,https://www.espncricinfo.com/cricketers/ra-kettleborough-15872,Success
RB Richardson,Right hand Bat,Right arm Medium,https://www.espncricinfo.com/cricketers/rb-richardson-52810,Success
RE van der Merwe,Right hand Bat,Slow Left arm Orthodox,https://www.espncricinfo.com/cricketers/re-van-der-merwe-47850,Success
REJ Martinesz,Right hand Bat,Right arm Medium,https://www.espncricinfo.com/cricketers/rej-martinesz-49665,Success
RG Sharma,Right hand Bat,Right arm Offbreak,https://www.espncricinfo.com/cricketers/rg-sharma-34102,Success
RJ Bailey,Right hand Bat,Right arm Offbreak,https://www.espncricinfo.com/cricketers/rj-bailey-8942,Success
RJ Sidebottom,Left hand Bat,Left arm Fast medium,https://www.espncricinfo.com/cricketers/rj-sidebottom-20187,Success
RJ Tucker,Left hand Bat,Right arm Fast medium,https://www.espncricinfo.com/cricketers/rj-tucker-7986,Success
RK Illingworth,Right hand Bat,Slow Leftâ€“Arm Orthodox,https://www.espncricinfo.com/cricketers/rk-illingworth-15383,Success
RMPJ Rambukwella,Right hand Bat,N/A,https://www.espncricinfo.com/cricketers/rmpj-rambukwella-50301,Success
RR Sarwan,Right hand Bat,Legbreak,https://www.espncricinfo.com/cricketers/rr-sarwan-52969,Success
RS Bopara,Right hand Bat,Right arm Medium,https://www.espncricinfo.com/cricketers/rs-bopara-10582,Success
RSA Palliyaguruge,Right hand Bat,Right arm Medium,https://www.espncricinfo.com/cricketers/rsa-palliyaguruge-50159,Success
RT Ponting,Right hand Bat,Right arm Medium,https://www.espncricinfo.com/cricketers/rt-ponting-7133,Success
RW Price,Right hand Bat,Slow Left arm Orthodox,https://www.espncricinfo.com/cricketers/rw-price-55698,Success
Ravi Bishnoi,Right hand Bat,Legbreak,https://www.espncricinfo.com/cricketers/ravi-bishnoi-1175441,Success
Raza Hasan,Right hand Bat,Slow Left arm Orthodox,https://www.espncricinfo.com/cricketers/raza-hasan-343548,Success
Reon King,Right hand Bat,Right arm Fast medium,https://www.espncricinfo.com/cricketers/reon-king-52294,Success
Rishad Hossain,Right hand Bat,Legbreak,https://www.espncricinfo.com/cricketers/rishad-hossain-1139523,Success
Rohan Mustafa,Left hand Bat,Right arm Offbreak,https://www.espncricinfo.com/cricketers/rohan-mustafa-307808,Success
Rubel Hossain,Right hand Bat,Right arm Fast,https://www.espncricinfo.com/cricketers/rubel-hossain-300619,Success
S Chanderpaul,Left hand Bat,Legbreak,https://www.espncricinfo.com/cricketers/s-chanderpaul-51469,Success
S Joseph,Left hand Bat,Right arm Fast,https://www.espncricinfo.com/cricketers/s-joseph-1356971,Success
S Randiv,Right hand Bat,Right arm Offbreak,https://www.espncricinfo.com/cricketers/s-randiv-50438,Success
S Ravi,Right hand Bat,Slow Left arm Orthodox,https://www.espncricinfo.com/cricketers/s-ravi-33135,Success
SA Edwards,Right hand Bat,N/A,https://www.espncricinfo.com/cricketers/sa-edwards-1127317,Success
SA Engelbrecht,Right hand Bat,Right arm Offbreak,https://www.espncricinfo.com/cricketers/sa-engelbrecht-315035,Success
SA Yadav,Right hand Bat,Right arm Offbreak,https://www.espncricinfo.com/cricketers/sa-yadav-446507,Success
SB Styris,Right hand Bat,Right arm Medium,https://www.espncricinfo.com/cricketers/sb-styris-38407,Success
SCJ Broad,Left hand Bat,Right arm Fast medium,https://www.espncricinfo.com/cricketers/scj-broad-10617,Success
SK Tarapore,Right hand Bat,Legbreak,https://www.espncricinfo.com/cricketers/sk-tarapore-35314,Success
SL Malinga,Right hand Bat,Right arm Fast,https://www.espncricinfo.com/cricketers/sl-malinga-49758,Success
SN Thakur,Right hand Bat,Right arm Medium,https://www.espncricinfo.com/cricketers/sn-thakur-475281,Success
SO Hetmyer,Left hand Bat,N/A,https://www.espncricinfo.com/cricketers/so-hetmyer-670025,Success
SP Fleming,Left hand Bat,Right arm Medium,https://www.espncricinfo.com/cricketers/sp-fleming-37000,Success
SPD Smith,Right hand Bat,Legbreak,https://www.espncricinfo.com/cricketers/spd-smith-267192,Success
SS Hazare,Right hand Bat,Legbreak Googly,https://www.espncricinfo.com/cricketers/ss-hazare-29400,Success
ST Finn,Right hand Bat,Right arm Fast medium,https://www.espncricinfo.com/cricketers/st-finn-210283,Success
ST Jayasuriya,Left hand Bat,Slow Left arm Orthodox,https://www.espncricinfo.com/cricketers/st-jayasuriya-49209,Success
ST de Silva,Right hand Bat,| Umpire = True,https://www.espncricinfo.com/cricketers/st-de-silva-807469,Success
SW Billings,Right hand Bat,N/A,https://www.espncricinfo.com/cricketers/sw-billings-297628,Success
Sabbir Rahman,Right hand Bat,Legbreak,https://www.espncricinfo.com/cricketers/sabbir-rahman-373538,Success
Saeed Ajmal,Right hand Bat,Right arm Offbreak,https://www.espncricinfo.com/cricketers/saeed-ajmal-42699,Success
Sahibzada Farhan,Right hand Bat,|        Role = Top Order Batter,https://www.espncricinfo.com/cricketers/sahibzada-farhan-647785,Success
Saif Hassan,Right hand Bat,Right arm Offbreak,https://www.espncricinfo.com/cricketers/saif-hassan-821749,Success
Saim Ayub,Left hand Bat,Right arm Offbreak,https://www.espncricinfo.com/cricketers/saim-ayub-1161031,Success
Salman Butt,Left hand Bat,Right arm Offbreak,https://www.espncricinfo.com/cricketers/salman-butt-42683,Success
Salman Mirza,Right hand Bat,Left arm Medium,https://www.espncricinfo.com/cricketers/salman-mirza-1252522,Success
Saqlain Haider,Left hand Bat,N/A,https://www.espncricinfo.com/cricketers/saqlain-haider-779973,Success
Sarfraz Ahmed,Right hand Bat,Right arm Offbreak,https://www.espncricinfo.com/cricketers/sarfraz-ahmed-227760,Success
Shadab Khan,Right hand Bat,Legbreak,https://www.espncricinfo.com/cricketers/shadab-khan-922943,Success
Shahadat Hossain,Right hand Bat,Right arm Offbreak,https://www.espncricinfo.com/cricketers/shahadat-hossain-56149,Success
Shaheen Shah Afridi,Left hand Bat,Left arm Fast,https://www.espncricinfo.com/cricketers/shaheen-shah-afridi-1072470,Success
Shahid Afridi,Right hand Bat,Right arm Medium,https://www.espncricinfo.com/cricketers/shahid-afridi-42639,Success
Shahid Wasif,Right hand Bat,Right arm Offbreak,https://www.espncricinfo.com/cricketers/shahid-wasif-919489,Success
Shahzaib Hasan,Right hand Bat,Right arm Offbreak,https://www.espncricinfo.com/cricketers/shahzaib-hasan-370846,Success
Shaiman Anwar,Right hand Bat,Right arm Medium fast,https://www.espncricinfo.com/cricketers/shaiman-anwar-43121,Success
Shakeel Ansar,Right hand Bat,N/A,https://www.espncricinfo.com/cricketers/shakeel-ansar-42814,Success
Shakib Al Hasan,Left hand Bat,Slow Left arm Orthodox,https://www.espncricinfo.com/cricketers/shakib-al-hasan-56143,Success
Shamim Hossain,Left hand Bat,Right arm Offbreak,https://www.espncricinfo.com/cricketers/shamim-hossain-1161044,Success
Shamsur Rahman,Right hand Bat,Right arm Offbreak,https://www.espncricinfo.com/cricketers/shamsur-rahman-56154,Success
Sharfuddoula,Left hand Bat,Slow Left arm Orthodox,https://www.espncricinfo.com/cricketers/sharfuddoula-56128,Success
Sharjeel Khan,Left hand Bat,Legbreak,https://www.espncricinfo.com/cricketers/sharjeel-khan-227762,Success
Shivam Mavi,Right hand Bat,Right arm Fast medium,https://www.espncricinfo.com/cricketers/shivam-mavi-1079848,Success
Shoaib Akhtar,Right hand Bat,Right arm Fast,https://www.espncricinfo.com/cricketers/shoaib-akhtar-42655,Success
Shoaib Malik,Right hand Bat,Right arm Offbreak,https://www.espncricinfo.com/cricketers/shoaib-malik-42657,Success
Shoriful Islam,Left hand Bat,Left arm Medium fast,https://www.espncricinfo.com/cricketers/shoriful-islam-990039,Success
Shubman Gill,Right hand Bat,Right arm Offbreak,https://www.espncricinfo.com/cricketers/shubman-gill-1070173,Success
Sikandar Raza,Right hand Bat,Right arm Offbreak,https://www.espncricinfo.com/cricketers/sikandar-raza-299572,Success
Simi Singh,Right hand Bat,Right arm Offbreak,https://www.espncricinfo.com/cricketers/simi-singh-1005257,Success
Sohag Gazi,Right hand Bat,Right arm Offbreak,https://www.espncricinfo.com/cricketers/sohag-gazi-444135,Success
Sohaib Maqsood,Right hand Bat,Right arm Offbreak,https://www.espncricinfo.com/cricketers/sohaib-maqsood-43266,Success
Sohail Tanvir,Left hand Bat,Left arm Medium fast,https://www.espncricinfo.com/cricketers/sohail-tanvir-43265,Success
Soumya Sarkar,Left hand Bat,Right arm Medium fast,https://www.espncricinfo.com/cricketers/soumya-sarkar-436677,Success
Sufyan Mehmood,Left hand Bat,Right arm Medium,https://www.espncricinfo.com/cricketers/sufyan-mehmood-402066,Success
T Banton,Right hand Bat,Slow Left arm Orthodox,https://www.espncricinfo.com/cricketers/t-banton-877051,Success
T Bavuma,Right hand Bat,Right arm Medium,https://www.espncricinfo.com/cricketers/t-bavuma-372116,Success
T Mishra,Left hand Bat,Left arm Medium fast,https://www.espncricinfo.com/cricketers/t-mishra-24790,Success
T Stubbs,Right hand Bat,Legbreak,https://www.espncricinfo.com/cricketers/t-stubbs-595978,Success
T Taibu,Right hand Bat,Right arm Medium,https://www.espncricinfo.com/cricketers/t-taibu-55805,Success
T Thushara,Left hand Bat,Left arm Fast medium,https://www.espncricinfo.com/cricketers/t-thushara-49677,Success
TD Paine,Right hand Bat,Right arm Medium,https://www.espncricinfo.com/cricketers/td-paine-7252,Success
TH Wijewardene,Left hand Bat,Left arm Medium fast,https://www.espncricinfo.com/cricketers/th-wijewardene-50987,Success
TM Dilshan,Right hand Bat,Right arm Offbreak,https://www.espncricinfo.com/cricketers/tm-dilshan-48472,Success
TWM Latham,Left hand Bat,Right arm Medium,https://www.espncricinfo.com/cricketers/twm-latham-388802,Success
Tamim Iqbal,Left hand Bat,N/A,https://www.espncricinfo.com/cricketers/tamim-iqbal-56194,Success
Tanvir Ahmed,Right hand Bat,Right arm Fast medium,https://www.espncricinfo.com/cricketers/tanvir-ahmed-266340,Success
Tanzid Hasan,Left hand Bat,|        Role = Opening Batter,https://www.espncricinfo.com/cricketers/tanzid-hasan-990023,Success
Tanzim Hasan Sakib,Right hand Bat,Right arm Fast medium,https://www.espncricinfo.com/cricketers/tanzim-hasan-sakib-1139520,Success
Tariq Rasheed,Right hand Bat,Right arm Offbreak,https://www.espncricinfo.com/cricketers/tariq-rasheed-43482,Success
Taskin Ahmed,Left hand Bat,Right arm Fast,https://www.espncricinfo.com/cricketers/taskin-ahmed-538506,Success
Tilak Varma,Left hand Bat,Right arm Offbreak,https://www.espncricinfo.com/cricketers/tilak-varma-1170265,Success
Towhid Hridoy,Right hand Bat,Right arm Offbreak,https://www.espncricinfo.com/cricketers/towhid-hridoy-990031,Success
UWMBCA Welegedara,Right hand Bat,Left arm Fast medium,https://www.espncricinfo.com/cricketers/uwmbca-welegedara-51019,Success
Umar Akmal,Right hand Bat,Right arm Offbreak,https://www.espncricinfo.com/cricketers/umar-akmal-317273,Success
Umar Amin,Left hand Bat,Right arm Medium,https://www.espncricinfo.com/cricketers/umar-amin-288211,Success
Umar Gul,Right hand Bat,Right arm Fast medium,https://www.espncricinfo.com/cricketers/umar-gul-43524,Success
Umran Malik,Right hand Bat,Right arm Fast,https://www.espncricinfo.com/cricketers/umran-malik-1246528,Success
Usman Khan,Right hand Bat,Right arm Offbreak,https://www.espncricinfo.com/cricketers/usman-khan-(2)-1123428,Success
Usman Qadir,Left hand Bat,Legbreak,https://www.espncricinfo.com/cricketers/usman-qadir-348152,Success
Usman Shinwari,Right hand Bat,Left arm Medium fast,https://www.espncricinfo.com/cricketers/usman-shinwari-697279,Success
V Aravind,Right hand Bat,N/A,https://www.espncricinfo.com/cricketers/v-aravind-1178586,Success
V Kohli,Right hand Bat,Right arm Medium,https://www.espncricinfo.com/cricketers/v-kohli-253802,Success
V Sehwag,Right hand Bat,Right arm Offbreak,https://www.espncricinfo.com/cricketers/v-sehwag-35263,Success
V Shukla,Right hand Bat,N/A,https://www.espncricinfo.com/cricketers/v-shukla-1457849,Success
V Sibanda,Right hand Bat,Right arm Medium,https://www.espncricinfo.com/cricketers/v-sibanda-55787,Success
V Viyaskanth,Right hand Bat,Legbreak,https://www.espncricinfo.com/cricketers/v-viyaskanth-1153149,Success
Vikramjit Singh,Left hand Bat,Right arm Medium fast,https://www.espncricinfo.com/cricketers/vikramjit-singh-1153767,Success
WB Rankin,Right hand Bat,Right arm Offbreak,https://www.espncricinfo.com/cricketers/wb-rankin-24599,Success
WPUJC Vaas,Left hand Bat,Left arm Fast medium,https://www.espncricinfo.com/cricketers/wpujc-vaas-50804,Success
WTS Porterfield,Left hand Bat,Right arm Offbreak,https://www.espncricinfo.com/cricketers/wts-porterfield-24611,Success
WU Tharanga,Left hand Bat,|        Role = Batsman,https://www.espncricinfo.com/cricketers/wu-tharanga-50747,Success
WW Hinds,Left hand Bat,Right arm Medium,https://www.espncricinfo.com/cricketers/ww-hinds-52057,Success
Wahab Riaz,Right hand Bat,Left arm Fast,https://www.espncricinfo.com/cricketers/wahab-riaz-43590,Success
Waseem Muhammad,Right hand Bat,Right arm Medium,https://www.espncricinfo.com/cricketers/waseem-muhammad-1241277,Success
Washington Sundar,Left hand Bat,Right arm Offbreak,https://www.espncricinfo.com/cricketers/washington-sundar-719715,Success
YBK Jaiswal,Left hand Bat,Legbreak,https://www.espncricinfo.com/cricketers/ybk-jaiswal-1151278,Success
YK Pathan,Right hand Bat,Right arm Offbreak,https://www.espncricinfo.com/cricketers/yk-pathan-32498,Success
YS Chahal,Right hand Bat,Legbreak Googly,https://www.espncricinfo.com/cricketers/ys-chahal-430246,Success
Yasim Murtaza,Left hand Bat,Slow Left arm Orthodox,https://www.espncricinfo.com/cricketers/yasim-murtaza-233904,Success
Yasir Arafat,Right hand Bat,Right arm Fast medium,https://www.espncricinfo.com/cricketers/yasir-arafat-43654,Success
Younis Khan,Right hand Bat,Right arm Medium,https://www.espncricinfo.com/cricketers/younis-khan-43652,Success
Yuvraj Singh,Right hand Bat,Right arm Fast medium,https://www.espncricinfo.com/cricketers/yuvraj-singh-36084,Success
Z Khan,Right hand Bat,Left arm Fast medium,https://www.espncricinfo.com/cricketers/z-khan-30102,Success
ZE Green,Left hand Bat,N/A,https://www.espncricinfo.com/cricketers/ze-green-596664,Success
ZGF Foulkes,Right hand Bat,Right arm Medium,https://www.espncricinfo.com/cricketers/zgf-foulkes-1202098,Success
Zahoor Khan,Right hand Bat,Legbreak,https://www.espncricinfo.com/cricketers/zahoor-khan-384525,Success
Zakir Hasan,Left hand Bat,N/A,https://www.espncricinfo.com/cricketers/zakir-hasan-697059,Success
Zeeshan Ali,Right hand Bat,N/A,https://www.espncricinfo.com/cricketers/zeeshan-ali-(2)-386302,Success
Zameer Haider,N/A,N/A,https://www.espncricinfo.com/cricketers/zameer-haider-43884,No style info
JD Cloete,N/A,N/A,https://www.espncricinfo.com/cricketers/jd-cloete-44449,No style info
JD Ryder,Left hand Bat,Right arm Medium,https://www.espncricinfo.com/cricketers/jd-ryder-38373,Success
JD Unadkat,Right hand Bat,Left arm Medium,https://www.espncricinfo.com/cricketers/jd-unadkat-390484,Success
JD Ward,Right hand Bat,Right arm Offbreak,https://www.espncricinfo.com/cricketers/jd-ward-8436,Success
JDF Vandersay,Right hand Bat,Legbreak,https://www.espncricinfo.com/cricketers/jdf-vandersay-370040,Success
JDP Oram,Left hand Bat,Right arm Fast medium,https://www.espncricinfo.com/cricketers/jdp-oram-38062,Success
JDS Neesham,Left hand Bat,Right arm Medium fast,https://www.espncricinfo.com/cricketers/jds-neesham-355269,Success
JE Root,Right hand Bat,Right arm Offbreak,https://www.espncricinfo.com/cricketers/je-root-303669,Success
JE Taylor,Right hand Bat,Right arm Fast,https://www.espncricinfo.com/cricketers/je-taylor-53191,Success
JEC Franklin,Left hand Bat,Left arm Medium,https://www.espncricinfo.com/cricketers/jec-franklin-37004,Success
JF Mooney,Left hand Bat,Right arm Medium,https://www.espncricinfo.com/cricketers/jf-mooney-24237,Success
JG Bethell,Left hand Bat,Slow Left arm Orthodox,https://www.espncricinfo.com/cricketers/jg-bethell-1194959,Success
JJ Bumrah,Right hand Bat,Right arm Fast,https://www.espncricinfo.com/cricketers/jj-bumrah-625383,Success
JJ Roy,Right hand Bat,N/A,https://www.espncricinfo.com/cricketers/jj-roy-298438,Success
JK Kamande,Right hand Bat,Right arm Offbreak,https://www.espncricinfo.com/cricketers/jk-kamande-24697,Success
JL Carter,Left hand Bat,Right arm Medium,https://www.espncricinfo.com/cricketers/jl-carter-314615,Success
JM Bairstow,Right hand Bat,Right arm Medium,https://www.espncricinfo.com/cricketers/jm-bairstow-297433,Success
JM Sharma,Right hand Bat,N/A,https://www.espncricinfo.com/cricketers/jm-sharma-721867,Success
JM Vince,Right hand Bat,Right arm Medium,https://www.espncricinfo.com/cricketers/jm-vince-296597,Success
JN Frylinck,Left hand Bat,Left arm Fast medium,https://www.espncricinfo.com/cricketers/jn-frylinck-482478,Success
JN Loftie-Eaton,Left hand Bat,"Right arm Medium, Legbreak",https://www.espncricinfo.com/cricketers/jn-loftie-eaton-1071473,Success
JO Holder,Right hand Bat,Right arm Medium fast,https://www.espncricinfo.com/cricketers/jo-holder-391485,Success
JP Faulkner,Right hand Bat,Left arm Fast medium,https://www.espncricinfo.com/cricketers/jp-faulkner-270484,Success
JP Inglis,Right hand Bat,N/A,https://www.espncricinfo.com/cricketers/jp-inglis-662235,Success
JR Hazlewood,Left hand Bat,Right arm Fast medium,https://www.espncricinfo.com/cricketers/jr-hazlewood-288284,Success
JRMVB Sanjaya,Right hand Bat,Right arm Fast medium,https://www.espncricinfo.com/cricketers/jrmvb-sanjaya-422092,Success
JS Wilson,N/A,N/A,https://www.espncricinfo.com/cricketers/js-wilson-387601,No style info
JT Smuts,Right hand Bat,Slow Left arm Orthodox,https://www.espncricinfo.com/cricketers/jt-smuts-280490,Success
JW Dernbach,Right hand Bat,Right arm Fast medium,https://www.espncricinfo.com/cricketers/jw-dernbach-12461,Success
JW Hastings,Right hand Bat,Right arm Fast medium,https://www.espncricinfo.com/cricketers/jw-hastings-228622,Success
JWHD Boteju,Right hand Bat,Right arm Medium,https://www.espncricinfo.com/cricketers/jwhd-boteju-48290,Success
JWM Dalrymple,Right hand Bat,Right arm Offbreak,https://www.espncricinfo.com/cricketers/jwm-dalrymple-11974,Success
Jay Odedra,Right hand Bat,Right arm Offbreak,https://www.espncricinfo.com/cricketers/jay-odedra-1136106,Success
K Bayney,N/A,N/A,https://www.espncricinfo.com/cricketers/k-bayney-257374,No style info
K Mishara,Left hand Bat,Right arm Offbreak,https://www.espncricinfo.com/cricketers/k-mishara-1075863,Success
K Rabada,Left hand Bat,Right arm Fast,https://www.espncricinfo.com/cricketers/k-rabada-550215,Success
K Santokie,Left hand Bat,Left arm Medium,https://www.espncricinfo.com/cricketers/k-santokie-314622,Success
K Shanthikumar,Right hand Bat,Right arm Fast medium,https://www.espncricinfo.com/cricketers/k-shanthikumar-23857,Success
K Sinclair,Right hand Bat,Right arm Offbreak,https://www.espncricinfo.com/cricketers/k-sinclair-1206110,Success
K Srinivasan,Right hand Bat,Right arm Offbreak,https://www.espncricinfo.com/cricketers/k-srinivasan-34685,Success
K Weeraratne,Left hand Bat,Right arm Medium fast,https://www.espncricinfo.com/cricketers/k-weeraratne-50860,Success
KA Maharaj,Right hand Bat,Slow Left arm Orthodox,https://www.espncricinfo.com/cricketers/ka-maharaj-267724,Success
KA Pollard,Right hand Bat,Right arm Medium,https://www.espncricinfo.com/cricketers/ka-pollard-230559,Success
KAJ Roach,Right hand Bat,Right arm Fast medium,https://www.espncricinfo.com/cricketers/kaj-roach-230553,Success
KD Mills,Right hand Bat,Right arm Fast medium,https://www.espncricinfo.com/cricketers/kd-mills-37740,Success
KD Shah,Left hand Bat,Right arm Offbreak,https://www.espncricinfo.com/cricketers/kd-shah-401537,Success
KDK Vithanage,Left hand Bat,Legbreak,https://www.espncricinfo.com/cricketers/kdk-vithanage-342616,Success
KH Hurter,N/A,N/A,https://www.espncricinfo.com/cricketers/kh-hurter-45462,No style info
KH Pandya,Left hand Bat,Slow Left arm Orthodox,https://www.espncricinfo.com/cricketers/kh-pandya-471342,Success
KIC Asalanka,Left hand Bat,Right arm Offbreak,https://www.espncricinfo.com/cricketers/kic-asalanka-784367,Success
KJ Abbott,Right hand Bat,Right arm Fast medium,https://www.espncricinfo.com/cricketers/kj-abbott-297583,Success
KK Ahmed,Right hand Bat,Left arm Fast medium,https://www.espncricinfo.com/cricketers/kk-ahmed-942645,Success
KM Jadhav,Right hand Bat,Right arm Offbreak,https://www.espncricinfo.com/cricketers/km-jadhav-290716,Success
KMC Bandara,Left hand Bat,Left arm Medium fast,https://www.espncricinfo.com/cricketers/kmc-bandara-362079,Success
KNA Bandara,Right hand Bat,Legbreak,https://www.espncricinfo.com/cricketers/kna-bandara-958691,Success
KP Meiyappan,Right hand Bat,Legbreak,https://www.espncricinfo.com/cricketers/kp-meiyappan-1058987,Success
KS Lokuarachchi,Right hand Bat,Legbreak,https://www.espncricinfo.com/cricketers/ks-lokuarachchi-49557,Success
KW Richardson,Right hand Bat,Right arm Fast medium,https://www.espncricinfo.com/cricketers/kw-richardson-272262,Success
Kim Cotton,N/A,N/A,https://www.espncricinfo.com/cricketers/kim-cotton-701735,No style info
L Ngidi,Right hand Bat,Right arm Fast medium,https://www.espncricinfo.com/cricketers/l-ngidi-542023,Success
L Ronchi,Right hand Bat,N/A,https://www.espncricinfo.com/cricketers/l-ronchi-7502,Success
L Rusere,N/A,N/A,https://www.espncricinfo.com/cricketers/l-rusere-393453,No style info
L Sipamla,Right hand Bat,Right arm Fast medium,https://www.espncricinfo.com/cricketers/l-sipamla-698143,Success
L Tucker,Right hand Bat,N/A,https://www.espncricinfo.com/cricketers/l-tucker-928057,Success
L Vincent,Right hand Bat,Right arm Medium,https://www.espncricinfo.com/cricketers/l-vincent-38714,Success
LD Chandimal,Right hand Bat,Right arm Offbreak,https://www.espncricinfo.com/cricketers/ld-chandimal-300628,Success
LD Madushanka,Right hand Bat,Right arm Fast medium,https://www.espncricinfo.com/cricketers/ld-madushanka-428366,Success
LE Hannibal,Right hand Bat,Right arm Medium,https://www.espncricinfo.com/cricketers/le-hannibal-49162,Success
LE Plunkett,Right hand Bat,Right arm Fast,https://www.espncricinfo.com/cricketers/le-plunkett-19264,Success
LH Ferguson,Right hand Bat,Right arm Fast,https://www.espncricinfo.com/cricketers/lh-ferguson-493773,Success
LJ Wright,Right hand Bat,Right arm Medium,https://www.espncricinfo.com/cricketers/lj-wright-23460,Success
LL Tsotsobe,Right hand Bat,Left arm Fast medium,https://www.espncricinfo.com/cricketers/ll-tsotsobe-47666,Success
LM Jongwe,Right hand Bat,Right arm Fast medium,https://www.espncricinfo.com/cricketers/lm-jongwe-541224,Success
LMP Simmons,Right hand Bat,Right arm Medium fast,https://www.espncricinfo.com/cricketers/lmp-simmons-53116,Success
LN Onyango,Right hand Bat,Right arm Medium,https://www.espncricinfo.com/cricketers/ln-onyango-24711,Success
LPC Silva,Right hand Bat,Legbreak,https://www.espncricinfo.com/cricketers/lpc-silva-50431,Success
LS Livingstone,Right hand Bat,"Right arm Offbreak, Legbreak",https://www.espncricinfo.com/cricketers/ls-livingstone-403902,Success
LS Reifer,N/A,N/A,https://www.espncricinfo.com/cricketers/ls-reifer-503174,No style info
LV van Beek,Right hand Bat,Right arm Medium fast,https://www.espncricinfo.com/cricketers/lv-van-beek-440522,Success
M Bhanuka,Left hand Bat,N/A,https://www.espncricinfo.com/cricketers/m-bhanuka-629075,Success
M Jansen,Right hand Bat,Left arm Fast,https://www.espncricinfo.com/cricketers/m-jansen-696401,Success
M Levitt,Right hand Bat,Right arm Medium,https://www.espncricinfo.com/cricketers/m-levitt-1071504,Success
M Mosehle,Right hand Bat,N/A,https://www.espncricinfo.com/cricketers/m-mosehle-327832,Success
M Pushpakumara,Left hand Bat,Right arm Offbreak,https://www.espncricinfo.com/cricketers/m-pushpakumara-49868,Success
M Theekshana,Right hand Bat,Right arm Offbreak,https://www.espncricinfo.com/cricketers/m-theekshana-1138316,Success
M van Lingen,Left hand Bat,"Left arm Medium, Slow Left arm Orthodox",https://www.espncricinfo.com/cricketers/m-van-lingen-833777,Success
MA Carberry,Left hand Bat,Right arm Offbreak,https://www.espncricinfo.com/cricketers/ma-carberry-10656,Success
MA Ouma,Right hand Bat,Right arm Offbreak,https://www.espncricinfo.com/cricketers/ma-ouma-24750,Success
MA Starc,Left hand Bat,Left arm Fast,https://www.espncricinfo.com/cricketers/ma-starc-311592,Success
MA Wood,Right hand Bat,Right arm Fast,https://www.espncricinfo.com/cricketers/ma-wood-351588,Success
MADI Hemantha,Right hand Bat,Legbreak,https://www.espncricinfo.com/cricketers/madi-hemantha-721041,Success
MC Henriques,Right hand Bat,Right arm Fast medium,https://www.espncricinfo.com/cricketers/mc-henriques-5961,Success
MD Gunathilaka,Left hand Bat,Right arm Offbreak,https://www.espncricinfo.com/cricketers/md-gunathilaka-345821,Success
MD Martell,N/A,N/A,https://www.espncricinfo.com/cricketers/md-martell-266250,No style info
MD Shanaka,Right hand Bat,Right arm Medium,https://www.espncricinfo.com/cricketers/md-shanaka-437316,Success
MDKJ Perera,Left hand Bat,N/A,https://www.espncricinfo.com/cricketers/mdkj-perera-300631,Success
MG Bracewell,Left hand Bat,Right arm Offbreak,https://www.espncricinfo.com/cricketers/mg-bracewell-326968,Success
MG Erasmus,Right hand Bat,Right arm Offbreak,https://www.espncricinfo.com/cricketers/mg-erasmus-519070,Success
MG Silva,Right hand Bat,Right arm Medium,https://www.espncricinfo.com/cricketers/mg-silva-50457,Success
MH Yardy,Left hand Bat,Slow Left arm Orthodox,https://www.espncricinfo.com/cricketers/mh-yardy-23523,Success
MJ Guptill,Right hand Bat,Right arm Offbreak,https://www.espncricinfo.com/cricketers/mj-guptill-226492,Success
MJ Hay,Right hand Bat,N/A,https://www.espncricinfo.com/cricketers/mj-hay-1243738,Success
MJ Henry,Right hand Bat,Right arm Fast medium,https://www.espncricinfo.com/cricketers/mj-henry-506612,Success
MJ Humphreys,Right hand Bat,Slow Left arm Orthodox,https://www.espncricinfo.com/cricketers/mj-humphreys-1263361,Success
MJ Lumb,Left hand Bat,Right arm Medium,https://www.espncricinfo.com/cricketers/mj-lumb-16406,Success
MA Aponso,N/A,N/A,https://www.espncricinfo.com/cricketers/ma-aponso-429748,"Error: Message: timeout: Timed out receiving message from renderer: 28.640
  (Session i"
MJ Mason,Right hand Bat,Right arm Fast medium,https://www.espncricinfo.com/cricketers/mj-mason-37701,Success
MJ McClenaghan,Left hand Bat,Left arm Fast medium,https://www.espncricinfo.com/cricketers/mj-mcclenaghan-319439,Success
MJ Saggers,Right hand Bat,Right arm Fast medium,https://www.espncricinfo.com/cricketers/mj-saggers-20040,Success
MJ Santner,Left hand Bat,Slow Left arm Orthodox,https://www.espncricinfo.com/cricketers/mj-santner-502714,Success
MK Pandey,Right hand Bat,Right arm Medium,https://www.espncricinfo.com/cricketers/mk-pandey-290630,Success
MK Tiwary,Right hand Bat,Legbreak Googly,https://www.espncricinfo.com/cricketers/mk-tiwary-35565,Success
ML Udawatte,Left hand Bat,Right arm Offbreak,https://www.espncricinfo.com/cricketers/ml-udawatte-50802,Success
MM Sharma,Right hand Bat,Right arm Medium,https://www.espncricinfo.com/cricketers/mm-sharma-537119,Success
MN Samuels,Right hand Bat,Right arm Offbreak,https://www.espncricinfo.com/cricketers/mn-samuels-52983,Success
MN Waller,Right hand Bat,Right arm Offbreak,https://www.espncricinfo.com/cricketers/mn-waller-55872,Success
MNK Fernando,Right hand Bat,Right arm Offbreak,https://www.espncricinfo.com/cricketers/mnk-fernando-1074333,Success
MP O'Dowd,Right hand Bat,Right arm Offbreak,https://www.espncricinfo.com/cricketers/mp-o'dowd-643197,Success
MP Stoinis,Right hand Bat,Right arm Medium,https://www.espncricinfo.com/cricketers/mp-stoinis-325012,Success
MR Adair,Right hand Bat,Right arm Fast medium,https://www.espncricinfo.com/cricketers/mr-adair-526441,Success
MR Gillespie,Right hand Bat,Right arm Fast medium,https://www.espncricinfo.com/cricketers/mr-gillespie-37111,Success
MR Marsh,Right hand Bat,Right arm Medium,https://www.espncricinfo.com/cricketers/mr-marsh-272450,Success
MR Swart,Right hand Bat,Right arm Offbreak,https://www.espncricinfo.com/cricketers/mr-swart-308794,Success
MS Chapman,Left hand Bat,Slow Left arm Orthodox,https://www.espncricinfo.com/cricketers/ms-chapman-438563,Success
MS Wade,Left hand Bat,Right arm Medium,https://www.espncricinfo.com/cricketers/ms-wade-230193,Success
MSK Nandiweera,Right hand Bat,Right arm Medium,https://www.espncricinfo.com/cricketers/msk-nandiweera-49836,Success
MVT Fernando,Right hand Bat,Left arm Medium fast,https://www.espncricinfo.com/cricketers/mvt-fernando-465783,Success
MW Graham-Smith,N/A,N/A,https://www.espncricinfo.com/cricketers/mw-graham-smith-433944,No style info
Mahfuzur Rahman,N/A,N/A,https://www.espncricinfo.com/cricketers/mahfuzur-rahman-260123,No style info
Mohammad Nawaz (3),Left hand Bat,Slow Left arm Orthodox,https://www.espncricinfo.com/cricketers/mohammad-nawaz-(3)-348148,Success
Muhammad Kaleem,Right hand Bat,Right arm Medium fast,https://www.espncricinfo.com/cricketers/muhammad-kaleem-943295,Success
N Dickwella,Left hand Bat,N/A,https://www.espncricinfo.com/cricketers/n-dickwella-429754,Success
N Duguid,N/A,N/A,https://www.espncricinfo.com/cricketers/n-duguid-448614,No style info
N Perera,Right hand Bat,Right arm Slow,https://www.espncricinfo.com/cricketers/n-perera-557840,Success
N Pradeep,Right hand Bat,Right arm Fast medium,https://www.espncricinfo.com/cricketers/n-pradeep-324358,Success
NA Rock,Left hand Bat,N/A,https://www.espncricinfo.com/cricketers/na-rock-1112535,Success
NJ O'Brien,Left hand Bat,N/A,https://www.espncricinfo.com/cricketers/nj-o'brien-24289,Success
NL McCullum,Right hand Bat,Right arm Offbreak,https://www.espncricinfo.com/cricketers/nl-mccullum-37749,Success
NM Hauritz,Right hand Bat,Right arm Offbreak,https://www.espncricinfo.com/cricketers/nm-hauritz-5593,Success
NN Odhiambo,Right hand Bat,Right arm Medium fast,https://www.espncricinfo.com/cricketers/nn-odhiambo-238612,Success
NR Johnstone,N/A,N/A,https://www.espncricinfo.com/cricketers/nr-johnstone-270517,No style info
NT Broom,Right hand Bat,Right arm Medium,https://www.espncricinfo.com/cricketers/nt-broom-36581,Success
NT Ellis,Right hand Bat,Right arm Fast medium,https://www.espncricinfo.com/cricketers/nt-ellis-826915,Success
NW Bracken,Right hand Bat,Left arm Fast medium,https://www.espncricinfo.com/cricketers/nw-bracken-4185,Success
O Thomas,Left hand Bat,Right arm Fast,https://www.espncricinfo.com/cricketers/o-thomas-914567,Success
OC McCoy,Left hand Bat,Left arm Fast medium,https://www.espncricinfo.com/cricketers/oc-mccoy-906783,Success
OEG Baartman,Right hand Bat,Right arm Medium fast,https://www.espncricinfo.com/cricketers/oeg-baartman-535353,Success
P Jayawickrama,Right hand Bat,Slow Left arm Orthodox,https://www.espncricinfo.com/cricketers/p-jayawickrama-1028665,Success
P Nissanka,Right hand Bat,N/A,https://www.espncricinfo.com/cricketers/p-nissanka-1028655,Success
P Rathnayake,Right hand Bat,"Right arm Offbreak, Legbreak",https://www.espncricinfo.com/cricketers/p-rathnayake-1171180,Success
P Sizara,Right hand Bat,Right arm Medium,https://www.espncricinfo.com/cricketers/p-sizara-1081669,Success
P Utseya,Right hand Bat,Right arm Offbreak,https://www.espncricinfo.com/cricketers/p-utseya-55820,Success
P Wilson,Right hand Bat,Right arm Fast medium,https://www.espncricinfo.com/cricketers/p-wilson-8241,Success
PA Gustard,N/A,N/A,https://www.espncricinfo.com/cricketers/pa-gustard-443156,No style info
PA van Meekeren,Right hand Bat,Right arm Fast medium,https://www.espncricinfo.com/cricketers/pa-van-meekeren-348109,Success
PADLR Sandakan,Right hand Bat,Left arm Wrist spin,https://www.espncricinfo.com/cricketers/padlr-sandakan-429738,Success
PBB Rajapaksa,Left hand Bat,Right arm Medium,https://www.espncricinfo.com/cricketers/pbb-rajapaksa-342619,Success
PD Jones,N/A,N/A,https://www.espncricinfo.com/cricketers/pd-jones-37529,No style info
PD McGlashan,Right hand Bat,N/A,https://www.espncricinfo.com/cricketers/pd-mcglashan-37770,Success
PD Salt,Right hand Bat,Right arm Offbreak,https://www.espncricinfo.com/cricketers/pd-salt-669365,Success
PDRL Perera,Left hand Bat,Left arm Medium fast,https://www.espncricinfo.com/cricketers/pdrl-perera-49870,Success
PG Pathak,N/A,N/A,https://www.espncricinfo.com/cricketers/pg-pathak-390895,No style info
PJ Cummins,Right hand Bat,Right arm Fast,https://www.espncricinfo.com/cricketers/pj-cummins-489889,Success
PJ Gillespie,N/A,N/A,https://www.espncricinfo.com/cricketers/pj-gillespie-588730,No style info
PJ Ongondo,Right hand Bat,Right arm Fast medium,https://www.espncricinfo.com/cricketers/pj-ongondo-24762,Success
PM Liyanagamage,Right hand Bat,Right arm Medium fast,https://www.espncricinfo.com/cricketers/pm-liyanagamage-826689,Success
PM Nevill,Right hand Bat,N/A,https://www.espncricinfo.com/cricketers/pm-nevill-6973,Success
PM Siddle,Right hand Bat,Right arm Fast medium,https://www.espncricinfo.com/cricketers/pm-siddle-7898,Success
PP Chawla,Left hand Bat,Legbreak,https://www.espncricinfo.com/cricketers/pp-chawla-32966,Success
PP Ojha,Left hand Bat,Slow Left arm Orthodox,https://www.espncricinfo.com/cricketers/pp-ojha-32130,Success
PW Borren,Right hand Bat,Right arm Medium,https://www.espncricinfo.com/cricketers/pw-borren-36592,Success
PWA Mulder,Right hand Bat,Right arm Medium,https://www.espncricinfo.com/cricketers/pwa-mulder-698189,Success
PWH de Silva,Right hand Bat,Legbreak,https://www.espncricinfo.com/cricketers/pwh-de-silva-784379,Success
Q de Kock,Left hand Bat,N/A,https://www.espncricinfo.com/cricketers/q-de-kock-379143,Success
R Ngarava,Left hand Bat,Left arm Fast medium,https://www.espncricinfo.com/cricketers/r-ngarava-806241,Success
R Pandit,N/A,N/A,https://www.espncricinfo.com/cricketers/r-pandit-537232,No style info
R Powell,Right hand Bat,Right arm Medium fast,https://www.espncricinfo.com/cricketers/r-powell-820351,Success
R Rampaul,Left hand Bat,Right arm Fast medium,https://www.espncricinfo.com/cricketers/r-rampaul-52912,Success
R Shepherd,Right hand Bat,Right arm Fast medium,https://www.espncricinfo.com/cricketers/r-shepherd-677077,Success
R Trumpelmann,Right hand Bat,Left arm Fast,https://www.espncricinfo.com/cricketers/r-trumpelmann-698317,Success
RA Kottahachchi,N/A,N/A,https://www.espncricinfo.com/cricketers/ra-kottahachchi-267062,No style info
RA Tripathi,Right hand Bat,Right arm Medium,https://www.espncricinfo.com/cricketers/ra-tripathi-446763,Success
RAS Lakmal,Right hand Bat,Right arm Fast medium,https://www.espncricinfo.com/cricketers/ras-lakmal-49619,Success
RD Anderson,N/A,N/A,https://www.espncricinfo.com/cricketers/rd-anderson-36198,No style info
RD Chahar,Right hand Bat,Legbreak Googly,https://www.espncricinfo.com/cricketers/rd-chahar-1064812,Success
RD Gaikwad,Right hand Bat,Right arm Offbreak,https://www.espncricinfo.com/cricketers/rd-gaikwad-1060380,Success
RD Kottahachchi,Left hand Bat,Slow Left arm Orthodox,https://www.espncricinfo.com/cricketers/rd-kottahachchi-49397,Success
RE Koertzen,N/A,N/A,https://www.espncricinfo.com/cricketers/re-koertzen-45830,No style info
RE Levi,Right hand Bat,Right arm Medium,https://www.espncricinfo.com/cricketers/re-levi-46148,Success
RJ Nicol,Right hand Bat,"Right arm Medium, Right arm Offbreak",https://www.espncricinfo.com/cricketers/rj-nicol-38058,Success
RJMGM Rupasinghe,Left hand Bat,Legbreak,https://www.espncricinfo.com/cricketers/rjmgm-rupasinghe-218430,Success
RK Singh,Left hand Bat,Right arm Offbreak,https://www.espncricinfo.com/cricketers/rk-singh-723105,Success
RL Chase,Right hand Bat,Right arm Offbreak,https://www.espncricinfo.com/cricketers/rl-chase-391832,Success
RLB Rambukwella,Left hand Bat,Right arm Offbreak,https://www.espncricinfo.com/cricketers/rlb-rambukwella-394871,Success
RM Hira,Left hand Bat,Slow Left arm Orthodox,https://www.espncricinfo.com/cricketers/rm-hira-232356,Success
RM West,Left hand Bat,"Left arm Fast medium, Slow Left arm Orthodox",https://www.espncricinfo.com/cricketers/rm-west-38759,Success
RMS Eranga,Right hand Bat,Right arm Fast medium,https://www.espncricinfo.com/cricketers/rms-eranga-267414,Success
RP Arnold,Left hand Bat,Right arm Offbreak,https://www.espncricinfo.com/cricketers/rp-arnold-48122,Success
RP Burl,Left hand Bat,Legbreak,https://www.espncricinfo.com/cricketers/rp-burl-495964,Success
RR Hendricks,Right hand Bat,Right arm Offbreak,https://www.espncricinfo.com/cricketers/rr-hendricks-269280,Success
RR Pant,Left hand Bat,N/A,https://www.espncricinfo.com/cricketers/rr-pant-931581,Success
RR Wimalasiri,Right hand Bat,Legbreak,https://www.espncricinfo.com/cricketers/rr-wimalasiri-50871,Success
RS Madugalle,Right hand Bat,Right arm Offbreak,https://www.espncricinfo.com/cricketers/rs-madugalle-49623,Success
RT Robinson,Right hand Bat,Right arm Medium,https://www.espncricinfo.com/cricketers/rt-robinson-19445,Success
RTM Mendis,Right hand Bat,Right arm Offbreak,https://www.espncricinfo.com/cricketers/rtm-mendis-629084,Success
Rashid Riaz,Right hand Bat,Right arm Offbreak,https://www.espncricinfo.com/cricketers/rashid-riaz-42494,Success
S Asnani,N/A,N/A,https://www.espncricinfo.com/cricketers/s-asnani-26314,No style info
S Badree,Right hand Bat,Legbreak,https://www.espncricinfo.com/cricketers/s-badree-51433,Success
S Dhawan,Left hand Bat,Right arm Offbreak,https://www.espncricinfo.com/cricketers/s-dhawan-28235,Success
S Dube,Left hand Bat,Right arm Medium,https://www.espncricinfo.com/cricketers/s-dube-714451,Success
S George,N/A,N/A,https://www.espncricinfo.com/cricketers/s-george-45389,No style info
S Prasanna,Right hand Bat,Legbreak,https://www.espncricinfo.com/cricketers/s-prasanna-268740,Success
S Qeshile,Right hand Bat,N/A,https://www.espncricinfo.com/cricketers/s-qeshile-952207,Success
S Redfern,Left hand Bat,Left arm Medium,https://www.espncricinfo.com/cricketers/s-redfern-53705,Success
S Samarawickrama,Right hand Bat,N/A,https://www.espncricinfo.com/cricketers/s-samarawickrama-629076,Success
S Sandeep Warrier,Right hand Bat,Right arm Medium,https://www.espncricinfo.com/cricketers/s-sandeep-warrier-592735,Success
S Tyagi,Right hand Bat,Right arm Medium,https://www.espncricinfo.com/cricketers/s-tyagi-317784,Success
SAJ Craig,Left hand Bat,Legbreak Googly,https://www.espncricinfo.com/cricketers/saj-craig-4653,Success
SB Haig,Right hand Bat,Right arm Medium,https://www.espncricinfo.com/cricketers/sb-haig-235424,Success
SC Kuggeleijn,Right hand Bat,Right arm Fast medium,https://www.espncricinfo.com/cricketers/sc-kuggeleijn-539548,Success
SC Williams,Left hand Bat,Slow Left arm Orthodox,https://www.espncricinfo.com/cricketers/sc-williams-55870,Success
SD Fry,N/A,N/A,https://www.espncricinfo.com/cricketers/sd-fry-5341,No style info
SD Hope,Right hand Bat,N/A,https://www.espncricinfo.com/cricketers/sd-hope-581379,Success
SE Bond,Right hand Bat,Right arm Fast,https://www.espncricinfo.com/cricketers/se-bond-36326,Success
SE Marsh,Left hand Bat,Slow Left arm Orthodox,https://www.espncricinfo.com/cricketers/se-marsh-6683,Success
SE Rutherford,Left hand Bat,Right arm Fast medium,https://www.espncricinfo.com/cricketers/se-rutherford-914541,Success
SH Sarathkumara,Right hand Bat,Legbreak,https://www.espncricinfo.com/cricketers/sh-sarathkumara-50720,Success
SHA Rance,Right hand Bat,Right arm Medium,https://www.espncricinfo.com/cricketers/sha-rance-395057,Success
SHT Kandamby,Left hand Bat,Legbreak,https://www.espncricinfo.com/cricketers/sht-kandamby-49363,Success
SI Mahmood,Right hand Bat,Right arm Fast medium,https://www.espncricinfo.com/cricketers/si-mahmood-17944,Success
SI de Saram,Right hand Bat,Right arm Offbreak,https://www.espncricinfo.com/cricketers/si-de-saram-48449,Success
SJ Baard,Right hand Bat,Right arm Medium fast,https://www.espncricinfo.com/cricketers/sj-baard-437927,Success
SJ Benn,Left hand Bat,Slow Left arm Orthodox,https://www.espncricinfo.com/cricketers/sj-benn-51248,Success
SJ Davis,N/A,N/A,https://www.espncricinfo.com/cricketers/sj-davis-4922,No style info
SJ Harmison,Right hand Bat,Right arm Fast medium,https://www.espncricinfo.com/cricketers/sj-harmison-14054,Success
SJ Myburgh,Left hand Bat,Right arm Offbreak,https://www.espncricinfo.com/cricketers/sj-myburgh-233712,Success
SJ Nogajski,N/A,N/A,https://www.espncricinfo.com/cricketers/sj-nogajski-275530,No style info
SJA Taufel,N/A,N/A,https://www.espncricinfo.com/cricketers/sja-taufel-7918,No style info
SK Raina,Left hand Bat,Right arm Offbreak,https://www.espncricinfo.com/cricketers/sk-raina-33335,Success
SK Springer,Right hand Bat,Right arm Fast medium,https://www.espncricinfo.com/cricketers/sk-springer-820689,Success
SM Boland,Right hand Bat,Right arm Fast medium,https://www.espncricinfo.com/cricketers/sm-boland-446548,Success
SM Curran,Left hand Bat,Left arm Medium fast,https://www.espncricinfo.com/cricketers/sm-curran-662973,Success
SMA Priyanjan,Right hand Bat,Right arm Offbreak,https://www.espncricinfo.com/cricketers/sma-priyanjan-233802,Success
SMSM Senanayake,Right hand Bat,Right arm Offbreak,https://www.espncricinfo.com/cricketers/smsm-senanayake-273439,Success
SN Bandekar,N/A,N/A,https://www.espncricinfo.com/cricketers/sn-bandekar-26846,No style info
SNJ O'Keefe,Right hand Bat,Slow Left arm Orthodox,https://www.espncricinfo.com/cricketers/snj-o'keefe-7069,Success
SO Tikolo,Right hand Bat,Right arm Offbreak,https://www.espncricinfo.com/cricketers/so-tikolo-24728,Success
SP Narine,Left hand Bat,Right arm Offbreak,https://www.espncricinfo.com/cricketers/sp-narine-230558,Success
SP Patil,Right hand Bat,N/A,https://www.espncricinfo.com/cricketers/sp-patil-447458,Success
SR Clark,Right hand Bat,Right arm Fast medium,https://www.espncricinfo.com/cricketers/sr-clark-4582,Success
SR Patel,Right hand Bat,Slow Left arm Orthodox,https://www.espncricinfo.com/cricketers/sr-patel-18632,Success
SR Watson,Right hand Bat,Right arm Fast medium,https://www.espncricinfo.com/cricketers/sr-watson-8180,Success
SS Cottrell,Right hand Bat,Left arm Fast medium,https://www.espncricinfo.com/cricketers/ss-cottrell-495551,Success
SS Iyer,Right hand Bat,"Right arm Offbreak, Legbreak Googly",https://www.espncricinfo.com/cricketers/ss-iyer-642519,Success
SS Pathirana,Left hand Bat,Slow Left arm Orthodox,https://www.espncricinfo.com/cricketers/ss-pathirana-212756,Success
SV Samson,Right hand Bat,N/A,https://www.espncricinfo.com/cricketers/sv-samson-425943,Success
SW Tait,Right hand Bat,Right arm Fast,https://www.espncricinfo.com/cricketers/sw-tait-8076,Success
Shah Faisal,Left hand Bat,Left arm Medium fast,https://www.espncricinfo.com/cricketers/shah-faisal-1500480,Success
Shoaib Khan jnr,Left hand Bat,Right arm Medium fast,https://www.espncricinfo.com/cricketers/shoaib-khan-jnr-42889,Success
Shozab Raza,N/A,N/A,https://www.espncricinfo.com/cricketers/shozab-raza-322640,No style info
Syed Rasel,Left hand Bat,Left arm Medium fast,https://www.espncricinfo.com/cricketers/syed-rasel-56160,Success
T Marumani,Left hand Bat,Right arm Offbreak,https://www.espncricinfo.com/cricketers/t-marumani-946507,Success
T Munyonga,Right hand Bat,Right arm Offbreak,https://www.espncricinfo.com/cricketers/t-munyonga-1122853,Success
T Musekiwa,Right hand Bat,Right arm Medium,https://www.espncricinfo.com/cricketers/t-musekiwa-1258606,Success
T Shamsi,Right hand Bat,Left arm Wrist spin,https://www.espncricinfo.com/cricketers/t-shamsi-379145,Success
T van der Gugten,Right hand Bat,Right arm Fast medium,https://www.espncricinfo.com/cricketers/t-van-der-gugten-333782,Success
TA Boult,Right hand Bat,Left arm Fast medium,https://www.espncricinfo.com/cricketers/ta-boult-277912,Success
TAM Siriwardana,Left hand Bat,Slow Left arm Orthodox,https://www.espncricinfo.com/cricketers/tam-siriwardana-222354,Success
TB Robinson,Right hand Bat,Right arm Medium,https://www.espncricinfo.com/cricketers/tb-robinson-1290929,Success
TB de Bruyn,Right hand Bat,Right arm Medium fast,https://www.espncricinfo.com/cricketers/tb-de-bruyn-486672,Success
TC Bruce,Right hand Bat,Right arm Offbreak,https://www.espncricinfo.com/cricketers/tc-bruce-707113,Success
TD Astle,Right hand Bat,Legbreak,https://www.espncricinfo.com/cricketers/td-astle-213674,Success
TG Southee,Right hand Bat,Right arm Medium fast,https://www.espncricinfo.com/cricketers/tg-southee-232364,Success
TH David,Right hand Bat,Right arm Offbreak,https://www.espncricinfo.com/cricketers/th-david-892749,Success
TJG Pringle,Right hand Bat,Slow Left arm Orthodox,https://www.espncricinfo.com/cricketers/tjg-pringle-1193548,Success
TK Curran,Right hand Bat,Right arm Fast medium,https://www.espncricinfo.com/cricketers/tk-curran-550235,Success
TL Seifert,Right hand Bat,N/A,https://www.espncricinfo.com/cricketers/tl-seifert-625964,Success
TLW Cooper,Right hand Bat,Right arm Offbreak,https://www.espncricinfo.com/cricketers/tlw-cooper-219885,Success
TM Head,Left hand Bat,Right arm Offbreak,https://www.espncricinfo.com/cricketers/tm-head-530011,Success
TM Odoyo,Right hand Bat,Right arm Medium fast,https://www.espncricinfo.com/cricketers/tm-odoyo-24705,Success
TS Kamunhukamwe,Right hand Bat,Right arm Offbreak,https://www.espncricinfo.com/cricketers/ts-kamunhukamwe-713811,Success
TS Mills,Right hand Bat,Left arm Fast,https://www.espncricinfo.com/cricketers/ts-mills-459257,Success
TT Bresnan,Right hand Bat,Right arm Medium fast,https://www.espncricinfo.com/cricketers/tt-bresnan-9310,Success
TT Maposa,Right hand Bat,Right arm Medium,https://www.espncricinfo.com/cricketers/tt-maposa-1360042,Success
UT Khawaja,Left hand Bat,Right arm Medium,https://www.espncricinfo.com/cricketers/ut-khawaja-215155,Success
UT Yadav,Right hand Bat,Right arm Fast,https://www.espncricinfo.com/cricketers/ut-yadav-376116,Success
V Narayan Kutty,Right hand Bat,N/A,https://www.espncricinfo.com/cricketers/v-narayan-kutty-31899,Success
V Shankar,Right hand Bat,Right arm Medium,https://www.espncricinfo.com/cricketers/v-shankar-477021,Success
VA Kulkarni,N/A,N/A,https://www.espncricinfo.com/cricketers/va-kulkarni-391584,No style info
VJ Kingma,Right hand Bat,Right arm Medium fast,https://www.espncricinfo.com/cricketers/vj-kingma-416103,Success
VK Sharma,Right hand Bat,N/A,https://www.espncricinfo.com/cricketers/vk-sharma-33933,Success
VR Iyer,Left hand Bat,Right arm Medium,https://www.espncricinfo.com/cricketers/vr-iyer-851403,Success
W Barresi,Right hand Bat,Right arm Offbreak,https://www.espncricinfo.com/cricketers/w-barresi-44407,Success
WA Young,Right hand Bat,Right arm Offbreak,https://www.espncricinfo.com/cricketers/wa-young-547749,Success
WD Parnell,Left hand Bat,Left arm Medium fast,https://www.espncricinfo.com/cricketers/wd-parnell-265564,Success
WG Jacks,Right hand Bat,Right arm Offbreak,https://www.espncricinfo.com/cricketers/wg-jacks-897549,Success
WIA Fernando,Right hand Bat,Right arm Medium fast,https://www.espncricinfo.com/cricketers/wia-fernando-784369,Success
WK McCallan,Right hand Bat,Right arm Offbreak,https://www.espncricinfo.com/cricketers/wk-mccallan-24251,Success
WN de Silva,Right hand Bat,Right arm Offbreak,https://www.espncricinfo.com/cricketers/wn-de-silva-48557,Success
WP Masakadza,Left hand Bat,Slow Left arm Orthodox,https://www.espncricinfo.com/cricketers/wp-masakadza-571703,Success
WR Knights,N/A,N/A,https://www.espncricinfo.com/cricketers/wr-knights-37597,No style info
Wasim Ali,Left hand Bat,Slow Left arm Orthodox,https://www.espncricinfo.com/cricketers/wasim-ali-1058938,Success
XC Bartlett,Right hand Bat,Right arm Fast medium,https://www.espncricinfo.com/cricketers/xc-bartlett-1050545,Success
XJ Doherty,Left hand Bat,Slow Left arm Orthodox,https://www.espncricinfo.com/cricketers/xj-doherty-5017,Success
XM Marshall,Right hand Bat,Right arm Offbreak,https://www.espncricinfo.com/cricketers/xm-marshall-52626,Success
