File,Date,Season,Match_Type,Match_Number,City,Venue,Ground,Team_Type,Gender,Overs,Balls_Per_Over,Teams,Team1,Team2,Winner,Result_Type,Result_Value,Player_Of_Match,Toss_Winner,Toss_Decision,Team1_Players,Team2_Players
1001349.json,2017-02-17,2016/17,T20,596,N/A,Melbourne Cricket Ground,N/A,international,male,20,6,"Australia, Sri Lanka",Australia,Sri Lanka,Sri Lanka,wickets,5,DAS Gunaratne,Sri Lanka,field,11,11
1001351.json,2017-02-19,2016/17,T20,597,Victoria,"Simonds Stadium, South Geelong",N/A,international,male,20,6,"Australia, Sri Lanka",Australia,Sri Lanka,Sri Lanka,wickets,2,DAS Gunaratne,Sri Lanka,field,11,11
1001353.json,2017-02-22,2016/17,T20,598,N/A,Adelaide Oval,N/A,international,male,20,6,"Australia, Sri Lanka",Australia,Sri Lanka,Australia,runs,41,A Zampa,Sri Lanka,field,11,11
1083449.json,2017-04-04,2016/17,T20,606,Colombo,R Premadasa Stadium,N/A,international,male,20,6,"Sri Lanka, Bangladesh",Sri Lanka,Bangladesh,Sri Lanka,wickets,6,MDKJ Perera,Bangladesh,bat,11,11
1083450.json,2017-04-06,2016/17,T20,607,Colombo,R Premadasa Stadium,N/A,international,male,20,6,"Sri Lanka, Bangladesh",Sri Lanka,Bangladesh,Bangladesh,runs,45,Shakib Al Hasan,Bangladesh,bat,11,11
1109610.json,2017-09-06,2017,T20,618,Colombo,"R.Premadasa Stadium, Khettarama",N/A,international,male,20,6,"Sri Lanka, India",Sri Lanka,India,India,wickets,7,V Kohli,India,field,11,11
1120291.json,2017-10-26,2017/18,T20,625,Abu Dhabi,Sheikh Zayed Stadium,N/A,international,male,20,6,"Sri Lanka, Pakistan",Sri Lanka,Pakistan,Pakistan,wickets,7,Usman Shinwari,Pakistan,field,11,11
1120292.json,2017-10-27,2017/18,T20,627,Abu Dhabi,Sheikh Zayed Stadium,N/A,international,male,20,6,"Sri Lanka, Pakistan",Sri Lanka,Pakistan,Pakistan,wickets,2,Shadab Khan,Pakistan,field,11,11
1120293.json,2017-10-29,2017/18,T20,629,Lahore,Gaddafi Stadium,N/A,international,male,20,6,"Pakistan, Sri Lanka",Pakistan,Sri Lanka,Pakistan,runs,36,Shoaib Malik,Sri Lanka,field,11,11
1122729.json,2017-12-20,2017/18,T20,633,Cuttack,Barabati Stadium,N/A,international,male,20,6,"India, Sri Lanka",India,Sri Lanka,India,runs,93,YS Chahal,Sri Lanka,field,11,11
1122730.json,2017-12-22,2017/18,T20,634,Indore,Holkar Cricket Stadium,N/A,international,male,20,6,"India, Sri Lanka",India,Sri Lanka,India,runs,88,RG Sharma,Sri Lanka,field,11,11
1122731.json,2017-12-24,2017/18,T20,635,Mumbai,Wankhede Stadium,N/A,international,male,20,6,"Sri Lanka, India",Sri Lanka,India,India,wickets,5,JD Unadkat,India,field,11,11
1130746.json,2018-02-15,2017/18,T20,648,Dhaka,"Shere Bangla National Stadium, Mirpur",N/A,international,male,20,6,"Bangladesh, Sri Lanka",Bangladesh,Sri Lanka,Sri Lanka,wickets,6,BKG Mendis,Bangladesh,bat,11,11
1130747.json,2018-02-18,2017/18,T20,651,N/A,Sylhet International Cricket Stadium,N/A,international,male,20,6,"Sri Lanka, Bangladesh",Sri Lanka,Bangladesh,Sri Lanka,runs,75,BKG Mendis,Bangladesh,field,11,11
1133817.json,2018-03-06,2017/18,T20,656,Colombo,"R.Premadasa Stadium, Khettarama",N/A,international,male,20,6,"India, Sri Lanka",India,Sri Lanka,Sri Lanka,wickets,5,MDKJ Perera,Sri Lanka,field,11,11
1133819.json,2018-03-10,2017/18,T20,658,Colombo,"R.Premadasa Stadium, Khettarama",N/A,international,male,20,6,"Sri Lanka, Bangladesh",Sri Lanka,Bangladesh,Bangladesh,wickets,5,Mushfiqur Rahim,Bangladesh,field,11,11
1133820.json,2018-03-12,2017/18,T20,659,Colombo,"R.Premadasa Stadium, Khettarama",N/A,international,male,20,6,"Sri Lanka, India",Sri Lanka,India,India,wickets,6,SN Thakur,India,field,11,11
1133822.json,2018-03-16,2017/18,T20,661,Colombo,"R.Premadasa Stadium, Khettarama",N/A,international,male,20,6,"Sri Lanka, Bangladesh",Sri Lanka,Bangladesh,Bangladesh,wickets,2,Mahmudullah,Bangladesh,field,11,11
1140384.json,2018-10-27,2018/19,T20,703,Colombo,"R.Premadasa Stadium, Khettarama",N/A,international,male,20,6,"England, Sri Lanka",England,Sri Lanka,England,runs,30,JL Denly,Sri Lanka,field,11,11
1142589.json,2018-08-14,2018,T20,695,Colombo,"R.Premadasa Stadium, Khettarama",N/A,international,male,20,6,"South Africa, Sri Lanka",South Africa,Sri Lanka,Sri Lanka,wickets,3,DM de Silva,South Africa,bat,11,11
1144172.json,2019-03-19,2018/19,T20,755,Cape Town,Newlands,N/A,international,male,20,6,"South Africa, Sri Lanka",South Africa,Sri Lanka,N/A,N/A,N/A,DA Miller,South Africa,field,11,11
1144173.json,2019-03-22,2018/19,T20,758,Centurion,SuperSport Park,N/A,international,male,20,6,"South Africa, Sri Lanka",South Africa,Sri Lanka,South Africa,runs,16,HE van der Dussen,Sri Lanka,field,11,11
1144174.json,2019-03-24,2018/19,T20,763,Johannesburg,The Wanderers Stadium,N/A,international,male,20,6,"South Africa, Sri Lanka",South Africa,Sri Lanka,South Africa,runs,45,D Pretorius,Sri Lanka,field,11,11
1153843.json,2019-01-11,2018/19,T20,718,Auckland,Eden Park,N/A,international,male,20,6,"New Zealand, Sri Lanka",New Zealand,Sri Lanka,New Zealand,runs,35,DAJ Bracewell,Sri Lanka,field,11,11
1183524.json,2019-10-27,2019/20,T20,978,Adelaide,Adelaide Oval,N/A,international,male,20,6,"Australia, Sri Lanka",Australia,Sri Lanka,Australia,runs,134,DA Warner,Sri Lanka,field,11,11
1183525.json,2019-10-30,2019/20,T20,988,Brisbane,"Brisbane Cricket Ground, Woolloongabba",N/A,international,male,20,6,"Australia, Sri Lanka",Australia,Sri Lanka,Australia,wickets,9,DA Warner,Sri Lanka,bat,11,11
1183526.json,2019-11-01,2019/20,T20,993,Melbourne,Melbourne Cricket Ground,N/A,international,male,20,6,"Australia, Sri Lanka",Australia,Sri Lanka,Australia,wickets,7,DA Warner,Australia,field,11,11
1192875.json,2019-09-01,2019,T20,878,Kandy,Pallekele International Cricket Stadium,N/A,international,male,20,6,"Sri Lanka, New Zealand",Sri Lanka,New Zealand,New Zealand,wickets,5,LRPL Taylor,Sri Lanka,bat,11,11
1192876.json,2019-09-03,2019,T20,879,Kandy,Pallekele International Cricket Stadium,N/A,international,male,20,6,"Sri Lanka, New Zealand",Sri Lanka,New Zealand,New Zealand,wickets,4,TG Southee,Sri Lanka,bat,11,11
1192877.json,2019-09-06,2019,T20,880,Kandy,Pallekele International Cricket Stadium,N/A,international,male,20,6,"Sri Lanka, New Zealand",Sri Lanka,New Zealand,Sri Lanka,runs,37,SL Malinga,Sri Lanka,bat,11,11
1198489.json,2019-10-05,2019/20,T20,914,Lahore,Gaddafi Stadium,N/A,international,male,20,6,"Pakistan, Sri Lanka",Pakistan,Sri Lanka,Sri Lanka,runs,64,MD Gunathilaka,Pakistan,field,11,11
1198490.json,2019-10-07,2019/20,T20,922,Lahore,Gaddafi Stadium,N/A,international,male,20,6,"Pakistan, Sri Lanka",Pakistan,Sri Lanka,Sri Lanka,runs,35,PBB Rajapaksa,Sri Lanka,bat,11,11
1198491.json,2019-10-09,2019/20,T20,925,Lahore,Gaddafi Stadium,N/A,international,male,20,6,"Pakistan, Sri Lanka",Pakistan,Sri Lanka,Sri Lanka,runs,13,PWH de Silva,Sri Lanka,bat,11,11
1202243.json,2020-01-07,2019/20,T20,1026,Indore,Holkar Cricket Stadium,N/A,international,male,20,6,"India, Sri Lanka",India,Sri Lanka,India,wickets,7,Navdeep Saini,India,field,11,11
1202244.json,2020-01-10,2019/20,T20,1027,Pune,Maharashtra Cricket Association Stadium,N/A,international,male,20,6,"India, Sri Lanka",India,Sri Lanka,India,runs,78,SN Thakur,Sri Lanka,field,11,11
1213874.json,2020-03-04,2019/20,T20,1075,Kandy,Pallekele International Cricket Stadium,N/A,international,male,50,6,"Sri Lanka, West Indies",Sri Lanka,West Indies,West Indies,runs,25,O Thomas,West Indies,bat,11,11
1213875.json,2020-03-06,2019/20,T20,1078,Kandy,Pallekele International Cricket Stadium,N/A,international,male,50,6,"Sri Lanka, West Indies",Sri Lanka,West Indies,West Indies,wickets,7,AD Russell,West Indies,field,11,11
1249206.json,2021-06-23,2021,T20,1165,Cardiff,"Sophia Gardens, Cardiff",N/A,international,male,20,6,"Sri Lanka, England",Sri Lanka,England,England,wickets,8,JC Buttler,Sri Lanka,bat,11,11
1249207.json,2021-06-24,2021,T20,1168,Cardiff,"Sophia Gardens, Cardiff",N/A,international,male,20,6,"Sri Lanka, England",Sri Lanka,England,England,wickets,5,LS Livingstone,Sri Lanka,bat,11,11
1249208.json,2021-06-26,2021,T20,1174,Southampton,"The Rose Bowl, Southampton",N/A,international,male,20,6,"England, Sri Lanka",England,Sri Lanka,England,runs,89,DJ Malan,Sri Lanka,field,11,11
1252066.json,2021-03-03,2020/21,T20,1126,Coolidge,"Coolidge Cricket Ground, Antigua",N/A,international,male,20,6,"Sri Lanka, West Indies",Sri Lanka,West Indies,West Indies,wickets,4,KA Pollard,West Indies,field,11,11
1252067.json,2021-03-05,2020/21,T20,1128,Coolidge,"Coolidge Cricket Ground, Antigua",N/A,international,male,20,6,"Sri Lanka, West Indies",Sri Lanka,West Indies,Sri Lanka,runs,43,PWH de Silva,Sri Lanka,bat,11,11
1252068.json,2021-03-07,2020/21,T20,1130,Coolidge,"Coolidge Cricket Ground, Antigua",N/A,international,male,20,6,"Sri Lanka, West Indies",Sri Lanka,West Indies,West Indies,wickets,3,FA Allen,Sri Lanka,bat,11,11
1262758.json,2021-07-25,2021,T20,1204,Colombo,"R Premadasa Stadium, Colombo",N/A,international,male,20,6,"India, Sri Lanka",India,Sri Lanka,India,runs,38,B Kumar,Sri Lanka,field,11,11
1262759.json,2021-07-28,2021,T20,1206,Colombo,"R Premadasa Stadium, Colombo",N/A,international,male,20,6,"India, Sri Lanka",India,Sri Lanka,Sri Lanka,wickets,4,DM de Silva,Sri Lanka,field,11,11
1262760.json,2021-07-29,2021,T20,1207,Colombo,"R Premadasa Stadium, Colombo",N/A,international,male,20,6,"India, Sri Lanka",India,Sri Lanka,Sri Lanka,wickets,7,PWH de Silva,India,bat,11,11
1263471.json,2022-02-11,2021/22,T20,1458,Sydney,Sydney Cricket Ground,N/A,international,male,20,6,"Australia, Sri Lanka",Australia,Sri Lanka,Australia,runs,20,A Zampa,Sri Lanka,field,11,11
1263472.json,2022-02-13,2021/22,T20,1463,Sydney,Sydney Cricket Ground,N/A,international,male,20,6,"Australia, Sri Lanka",Australia,Sri Lanka,N/A,N/A,N/A,JR Hazlewood,Sri Lanka,field,11,11
1263473.json,2022-02-15,2021/22,T20,1466,Canberra,"Manuka Oval, Canberra",N/A,international,male,20,6,"Sri Lanka, Australia",Sri Lanka,Australia,Australia,wickets,6,KW Richardson,Australia,field,11,11
1263474.json,2022-02-18,2021/22,T20,1470,Melbourne,Melbourne Cricket Ground,N/A,international,male,20,6,"Sri Lanka, Australia",Sri Lanka,Australia,Australia,wickets,6,GJ Maxwell,Australia,field,11,11
1263475.json,2022-02-20,2021/22,T20,1478,Melbourne,Melbourne Cricket Ground,N/A,international,male,20,6,"Australia, Sri Lanka",Australia,Sri Lanka,Sri Lanka,wickets,5,BKG Mendis,Australia,bat,11,11
1271630.json,2021-09-10,2021,T20,1265,Colombo,"R Premadasa Stadium, Colombo",N/A,international,male,20,6,"South Africa, Sri Lanka",South Africa,Sri Lanka,South Africa,runs,28,AK Markram,South Africa,bat,11,11
1271631.json,2021-09-12,2021,T20,1270,Colombo,"R Premadasa Stadium, Colombo",N/A,international,male,20,6,"Sri Lanka, South Africa",Sri Lanka,South Africa,South Africa,wickets,9,T Shamsi,Sri Lanka,bat,11,11
1271632.json,2021-09-14,2021,T20,1273,Colombo,"R Premadasa Stadium, Colombo",N/A,international,male,20,6,"Sri Lanka, South Africa",Sri Lanka,South Africa,South Africa,wickets,10,Q de Kock,Sri Lanka,bat,11,11
1273715.json,2021-10-18,2021/22,T20,1313,Abu Dhabi,"Zayed Cricket Stadium, Abu Dhabi",N/A,international,male,20,6,"Namibia, Sri Lanka",Namibia,Sri Lanka,Sri Lanka,wickets,7,M Theekshana,Sri Lanka,field,11,11
1273719.json,2021-10-20,2021/22,T20,1331,Abu Dhabi,"Zayed Cricket Stadium, Abu Dhabi",N/A,international,male,20,6,"Sri Lanka, Ireland",Sri Lanka,Ireland,Sri Lanka,runs,70,PWH de Silva,Ireland,field,11,11
1273723.json,2021-10-22,2021/22,T20,1346,Sharjah,Sharjah Cricket Stadium,N/A,international,male,20,6,"Netherlands, Sri Lanka",Netherlands,Sri Lanka,Sri Lanka,wickets,8,CBRLS Kumara,Sri Lanka,field,11,11
1273726.json,2021-10-24,2021/22,T20,1357,Sharjah,Sharjah Cricket Stadium,N/A,international,male,20,6,"Bangladesh, Sri Lanka",Bangladesh,Sri Lanka,Sri Lanka,wickets,5,KIC Asalanka,Sri Lanka,field,11,11
1273733.json,2021-10-28,2021/22,T20,1374,Dubai,Dubai International Cricket Stadium,N/A,international,male,20,6,"Sri Lanka, Australia",Sri Lanka,Australia,Australia,wickets,7,A Zampa,Australia,field,11,11
1273736.json,2021-10-30,2021/22,T20,1378,Sharjah,Sharjah Cricket Stadium,N/A,international,male,20,6,"Sri Lanka, South Africa",Sri Lanka,South Africa,South Africa,wickets,4,T Shamsi,South Africa,field,11,11
1273740.json,2021-11-01,2021/22,T20,1382,Sharjah,Sharjah Cricket Stadium,N/A,international,male,20,6,"England, Sri Lanka",England,Sri Lanka,England,runs,26,JC Buttler,Sri Lanka,field,11,11
1273746.json,2021-11-04,2021/22,T20,1392,Abu Dhabi,"Zayed Cricket Stadium, Abu Dhabi",N/A,international,male,20,6,"Sri Lanka, West Indies",Sri Lanka,West Indies,Sri Lanka,runs,20,KIC Asalanka,West Indies,field,11,11
1278684.json,2022-02-24,2021/22,T20,1492,Lucknow,"Bharat Ratna Shri Atal Bihari Vajpayee Ekana Cricket Stadium, Lucknow",N/A,international,male,20,6,"India, Sri Lanka",India,Sri Lanka,India,runs,62,Ishan Kishan,Sri Lanka,field,11,11
1278685.json,2022-02-26,2021/22,T20,1493,Dharamsala,"Himachal Pradesh Cricket Association Stadium, Dharamsala",N/A,international,male,20,6,"Sri Lanka, India",Sri Lanka,India,India,wickets,7,SS Iyer,India,field,11,11
1278686.json,2022-02-27,2021/22,T20,1494,Dharamsala,"Himachal Pradesh Cricket Association Stadium, Dharamsala",N/A,international,male,20,6,"Sri Lanka, India",Sri Lanka,India,India,wickets,6,SS Iyer,Sri Lanka,bat,11,11
1298135.json,2022-10-16,2022/23,T20,1823,Geelong,"GMHBA Stadium, South Geelong, Victoria",N/A,international,male,20,6,"Namibia, Sri Lanka",Namibia,Sri Lanka,Namibia,runs,55,JN Frylinck,Sri Lanka,field,11,11
1298140.json,2022-10-18,2022/23,T20,1832,Geelong,"GMHBA Stadium, South Geelong, Victoria",N/A,international,male,20,6,"Sri Lanka, United Arab Emirates",Sri Lanka,United Arab Emirates,Sri Lanka,runs,79,P Nissanka,United Arab Emirates,field,11,11
1298143.json,2022-10-20,2022/23,T20,1835,Geelong,"GMHBA Stadium, South Geelong, Victoria",N/A,international,male,20,6,"Sri Lanka, Netherlands",Sri Lanka,Netherlands,Sri Lanka,runs,16,BKG Mendis,Sri Lanka,bat,11,11
1298149.json,2022-10-23,2022/23,T20,1841,Hobart,"Bellerive Oval, Hobart",N/A,international,male,20,6,"Ireland, Sri Lanka",Ireland,Sri Lanka,Sri Lanka,wickets,9,BKG Mendis,Ireland,bat,11,11
1298153.json,2022-10-25,2022/23,T20,1845,Perth,Perth Stadium,N/A,international,male,20,6,"Sri Lanka, Australia",Sri Lanka,Australia,Australia,wickets,7,MP Stoinis,Australia,field,11,11
1298161.json,2022-10-29,2022/23,T20,1850,Sydney,Sydney Cricket Ground,N/A,international,male,20,6,"New Zealand, Sri Lanka",New Zealand,Sri Lanka,New Zealand,runs,65,GD Phillips,New Zealand,bat,11,11
1298173.json,2022-11-05,2022/23,T20,1867,Sydney,Sydney Cricket Ground,N/A,international,male,20,6,"Sri Lanka, England",Sri Lanka,England,England,wickets,4,AU Rashid,Sri Lanka,bat,11,11
1307293.json,2022-06-07,2022,T20,1551,Colombo,"R Premadasa Stadium, Colombo",N/A,international,male,20,6,"Sri Lanka, Australia",Sri Lanka,Australia,Australia,wickets,10,JR Hazlewood,Australia,field,11,11
1307294.json,2022-06-08,2022,T20,1552,Colombo,"R Premadasa Stadium, Colombo",N/A,international,male,20,6,"Sri Lanka, Australia",Sri Lanka,Australia,Australia,wickets,3,MS Wade,Australia,field,11,11
1307295.json,2022-06-11,2022,T20,1564,Kandy,Pallekele International Cricket Stadium,N/A,international,male,20,6,"Australia, Sri Lanka",Australia,Sri Lanka,Sri Lanka,wickets,4,MD Shanaka,Australia,bat,11,11
1322362.json,2023-04-02,2022/23,T20,2039,Auckland,"Eden Park, Auckland",N/A,international,male,20,6,"Sri Lanka, New Zealand",Sri Lanka,New Zealand,N/A,N/A,N/A,KIC Asalanka,New Zealand,field,11,11
1322363.json,2023-04-05,2022/23,T20,2040,Dunedin,"University Oval, Dunedin",N/A,international,male,20,6,"Sri Lanka, New Zealand",Sri Lanka,New Zealand,New Zealand,wickets,9,AF Milne,New Zealand,field,11,11
1322364.json,2023-04-08,2022/23,T20,2041,Queenstown,"John Davies Oval, Queenstown",N/A,international,male,20,6,"Sri Lanka, New Zealand",Sri Lanka,New Zealand,New Zealand,wickets,4,TL Seifert,New Zealand,field,11,11
1327273.json,2022-09-01,2022,T20,1755,Dubai,Dubai International Cricket Stadium,N/A,international,male,20,6,"Bangladesh, Sri Lanka",Bangladesh,Sri Lanka,Sri Lanka,wickets,2,BKG Mendis,Sri Lanka,field,11,11
1327277.json,2022-09-06,2022,T20,1759,Dubai,Dubai International Cricket Stadium,N/A,international,male,20,6,"India, Sri Lanka",India,Sri Lanka,Sri Lanka,wickets,6,MD Shanaka,Sri Lanka,field,11,11
1327280.json,2022-09-09,2022,T20,1764,Dubai,Dubai International Cricket Stadium,N/A,international,male,20,6,"Pakistan, Sri Lanka",Pakistan,Sri Lanka,Sri Lanka,wickets,5,PWH de Silva,Sri Lanka,field,11,11
1327281.json,2022-09-11,2022,T20,1769,Dubai,Dubai International Cricket Stadium,N/A,international,male,20,6,"Sri Lanka, Pakistan",Sri Lanka,Pakistan,Sri Lanka,runs,23,PBB Rajapaksa,Pakistan,field,11,11
1348640.json,2023-01-03,2022/23,T20,1984,Mumbai,"Wankhede Stadium, Mumbai",N/A,international,male,20,6,"India, Sri Lanka",India,Sri Lanka,India,runs,2,DJ Hooda,Sri Lanka,field,11,11
1348641.json,2023-01-05,2022/23,T20,1985,Pune,"Maharashtra Cricket Association Stadium, Pune",N/A,international,male,20,6,"Sri Lanka, India",Sri Lanka,India,Sri Lanka,runs,16,MD Shanaka,India,field,11,11
1348642.json,2023-01-07,2022/23,T20,1986,Rajkot,"Saurashtra Cricket Association Stadium, Rajkot",N/A,international,male,20,6,"India, Sri Lanka",India,Sri Lanka,India,runs,91,SA Yadav,India,bat,11,11
1412542.json,2024-01-14,2023/24,T20,2432,Colombo,"R Premadasa Stadium, Colombo",N/A,international,male,20,6,"Zimbabwe, Sri Lanka",Zimbabwe,Sri Lanka,Sri Lanka,wickets,3,AD Mathews,Sri Lanka,field,11,11
1412543.json,2024-01-16,2023/24,T20,2433,Colombo,"R Premadasa Stadium, Colombo",N/A,international,male,20,6,"Sri Lanka, Zimbabwe",Sri Lanka,Zimbabwe,Zimbabwe,wickets,4,LM Jongwe,Zimbabwe,field,11,11
1412544.json,2024-01-18,2023/24,T20,2436,Colombo,"R Premadasa Stadium, Colombo",N/A,international,male,20,6,"Zimbabwe, Sri Lanka",Zimbabwe,Sri Lanka,Sri Lanka,wickets,9,PWH de Silva,Sri Lanka,field,11,11
1415704.json,2024-06-03,2024,T20,2635,New York,"Nassau County International Cricket Stadium, New York",N/A,international,male,20,6,"Sri Lanka, South Africa",Sri Lanka,South Africa,South Africa,wickets,6,A Nortje,Sri Lanka,bat,11,11
1415715.json,2024-06-07,2024,T20,2646,Dallas,"Grand Prairie Stadium, Dallas",N/A,international,male,20,6,"Sri Lanka, Bangladesh",Sri Lanka,Bangladesh,Bangladesh,wickets,2,Rishad Hossain,Bangladesh,field,11,11
1415738.json,2024-06-16,2024,T20,2699,Gros Islet,"Daren Sammy National Cricket Stadium, Gros Islet, St Lucia",N/A,international,male,20,6,"Sri Lanka, Netherlands",Sri Lanka,Netherlands,Sri Lanka,runs,83,KIC Asalanka,Netherlands,field,11,11
1419824.json,2024-03-04,2023/24,T20,2494,Sylhet,Sylhet International Cricket Stadium,N/A,international,male,20,6,"Sri Lanka, Bangladesh",Sri Lanka,Bangladesh,Sri Lanka,runs,3,KIC Asalanka,Bangladesh,field,11,11
1419825.json,2024-03-06,2023/24,T20,2501,Sylhet,Sylhet International Cricket Stadium,N/A,international,male,20,6,"Sri Lanka, Bangladesh",Sri Lanka,Bangladesh,Bangladesh,wickets,8,Nazmul Hossain Shanto,Bangladesh,field,11,11
1419826.json,2024-03-09,2023/24,T20,2509,Sylhet,Sylhet International Cricket Stadium,N/A,international,male,20,6,"Sri Lanka, Bangladesh",Sri Lanka,Bangladesh,Sri Lanka,runs,28,N Thushara,Bangladesh,field,11,11
1442987.json,2024-07-27,2024,T20,2767,Kandy,Pallekele International Cricket Stadium,N/A,international,male,20,6,"India, Sri Lanka",India,Sri Lanka,India,runs,43,SA Yadav,Sri Lanka,field,11,11
1442988.json,2024-07-28,2024,T20,2768,Kandy,Pallekele International Cricket Stadium,N/A,international,male,20,6,"Sri Lanka, India",Sri Lanka,India,India,wickets,7,Ravi Bishnoi,India,field,11,11
1442989.json,2024-07-30,2024,T20,2769,Kandy,Pallekele International Cricket Stadium,N/A,international,male,20,6,"India, Sri Lanka",India,Sri Lanka,N/A,N/A,N/A,Washington Sundar,Sri Lanka,field,11,11
1443543.json,2024-12-28,2024/25,T20,3079,Mount Maunganui,"Bay Oval, Mount Maunganui",N/A,international,male,20,6,"New Zealand, Sri Lanka",New Zealand,Sri Lanka,New Zealand,runs,8,JA Duffy,Sri Lanka,field,11,11
1443544.json,2024-12-30,2024/25,T20,3080,Mount Maunganui,"Bay Oval, Mount Maunganui",N/A,international,male,20,6,"New Zealand, Sri Lanka",New Zealand,Sri Lanka,New Zealand,runs,45,MJ Hay,Sri Lanka,field,11,11
1443545.json,2025-01-02,2024/25,T20,3081,Nelson,"Saxton Oval, Nelson",N/A,international,male,20,6,"Sri Lanka, New Zealand",Sri Lanka,New Zealand,Sri Lanka,runs,7,MDKJ Perera,New Zealand,field,11,11
1451814.json,2024-10-13,2024/25,T20,2907,Dambulla,Rangiri Dambulla International Stadium,N/A,international,male,20,6,"Sri Lanka, West Indies",Sri Lanka,West Indies,West Indies,wickets,5,BA King,West Indies,field,11,11
1451815.json,2024-10-15,2024/25,T20,2908,Dambulla,Rangiri Dambulla International Stadium,N/A,international,male,20,6,"Sri Lanka, West Indies",Sri Lanka,West Indies,Sri Lanka,runs,73,P Nissanka,Sri Lanka,bat,11,11
1451816.json,2024-10-17,2024/25,T20,2909,Dambulla,Rangiri Dambulla International Stadium,N/A,international,male,20,6,"West Indies, Sri Lanka",West Indies,Sri Lanka,Sri Lanka,wickets,9,BKG Mendis,West Indies,bat,11,11
1456441.json,2024-11-09,2024/25,T20,2939,Dambulla,Rangiri Dambulla International Stadium,N/A,international,male,20,6,"New Zealand, Sri Lanka",New Zealand,Sri Lanka,Sri Lanka,wickets,4,KIC Asalanka,New Zealand,bat,11,11
1456442.json,2024-11-10,2024/25,T20,2941,Dambulla,Rangiri Dambulla International Stadium,N/A,international,male,20,6,"New Zealand, Sri Lanka",New Zealand,Sri Lanka,New Zealand,runs,5,LH Ferguson,Sri Lanka,field,11,11
1485508.json,2025-07-10,2025,T20,3299,Kandy,Pallekele International Cricket Stadium,N/A,international,male,20,6,"Bangladesh, Sri Lanka",Bangladesh,Sri Lanka,Sri Lanka,wickets,7,BKG Mendis,Sri Lanka,field,11,11
1485509.json,2025-07-13,2025,T20,3315,Dambulla,Rangiri Dambulla International Stadium,N/A,international,male,20,6,"Bangladesh, Sri Lanka",Bangladesh,Sri Lanka,Bangladesh,runs,83,Liton Das,Sri Lanka,field,11,11
1485510.json,2025-07-16,2025,T20,3318,Colombo,"R Premadasa Stadium, Colombo",N/A,international,male,20,6,"Sri Lanka, Bangladesh",Sri Lanka,Bangladesh,Bangladesh,wickets,8,Mahedi Hasan,Sri Lanka,bat,11,11
1492823.json,2025-09-03,2025,T20,3434,Harare,Harare Sports Club,N/A,international,male,20,6,"Zimbabwe, Sri Lanka",Zimbabwe,Sri Lanka,Sri Lanka,wickets,4,PHKD Mendis,Sri Lanka,field,11,11
1492824.json,2025-09-06,2025,T20,3439,Harare,Harare Sports Club,N/A,international,male,20,6,"Sri Lanka, Zimbabwe",Sri Lanka,Zimbabwe,Zimbabwe,wickets,5,Sikandar Raza,Zimbabwe,field,11,11
1492825.json,2025-09-07,2025,T20,3441,Harare,Harare Sports Club,N/A,international,male,20,6,"Zimbabwe, Sri Lanka",Zimbabwe,Sri Lanka,Sri Lanka,wickets,8,K Mishara,Sri Lanka,field,11,11
1496924.json,2025-09-13,2025,T20,3453,Abu Dhabi,"Zayed Cricket Stadium, Abu Dhabi",N/A,international,male,20,6,"Bangladesh, Sri Lanka",Bangladesh,Sri Lanka,Sri Lanka,wickets,6,K Mishara,Sri Lanka,field,11,11
1496927.json,2025-09-15,2025,T20,3458,Dubai,Dubai International Cricket Stadium,N/A,international,male,20,6,"Hong Kong, Sri Lanka",Hong Kong,Sri Lanka,Sri Lanka,wickets,4,P Nissanka,Sri Lanka,field,11,11
1496932.json,2025-09-20,2025,T20,3466,Dubai,Dubai International Cricket Stadium,N/A,international,male,20,6,"Sri Lanka, Bangladesh",Sri Lanka,Bangladesh,Bangladesh,wickets,4,Saif Hassan,Bangladesh,field,11,11
1496934.json,2025-09-23,2025,T20,3469,Abu Dhabi,"Zayed Cricket Stadium, Abu Dhabi",N/A,international,male,20,6,"Sri Lanka, Pakistan",Sri Lanka,Pakistan,Pakistan,wickets,5,Hussain Talat,Pakistan,field,11,11
1496937.json,2025-09-26,2025,T20,3476,Dubai,Dubai International Cricket Stadium,N/A,international,male,20,6,"India, Sri Lanka",India,Sri Lanka,N/A,N/A,N/A,P Nissanka,Sri Lanka,field,11,11
1502049.json,2025-11-20,2025/26,T20,3583,Rawalpindi,Rawalpindi Cricket Stadium,N/A,international,male,20,6,"Zimbabwe, Sri Lanka",Zimbabwe,Sri Lanka,Zimbabwe,runs,67,Sikandar Raza,Sri Lanka,field,11,11
1502050.json,2025-11-22,2025/26,T20,3585,Rawalpindi,Rawalpindi Cricket Stadium,N/A,international,male,20,6,"Sri Lanka, Pakistan",Sri Lanka,Pakistan,Pakistan,wickets,7,Mohammad Nawaz,Sri Lanka,bat,11,11
1502052.json,2025-11-25,2025/26,T20,3589,Rawalpindi,Rawalpindi Cricket Stadium,N/A,international,male,20,6,"Zimbabwe, Sri Lanka",Zimbabwe,Sri Lanka,Sri Lanka,wickets,9,P Nissanka,Zimbabwe,bat,11,11
1502053.json,2025-11-27,2025/26,T20,3592,Rawalpindi,Rawalpindi Cricket Stadium,N/A,international,male,20,6,"Sri Lanka, Pakistan",Sri Lanka,Pakistan,Sri Lanka,runs,6,PVD Chameera,Pakistan,field,11,11
1502054.json,2025-11-29,2025/26,T20,3596,Rawalpindi,Rawalpindi Cricket Stadium,N/A,international,male,20,6,"Sri Lanka, Pakistan",Sri Lanka,Pakistan,Pakistan,wickets,6,Mohammad Nawaz,Pakistan,field,11,11
1507719.json,2026-01-30,2025/26,T20,3676,Kandy,Pallekele International Cricket Stadium,N/A,international,male,20,6,"Sri Lanka, England",Sri Lanka,England,England,runs,11,AU Rashid,England,field,11,11
1507720.json,2026-02-01,2025/26,T20,3682,Kandy,Pallekele International Cricket Stadium,N/A,international,male,20,6,"Sri Lanka, England",Sri Lanka,England,England,wickets,6,T Banton,England,field,11,11
1507721.json,2026-02-03,2025/26,T20,3683,Kandy,Pallekele International Cricket Stadium,N/A,international,male,20,6,"England, Sri Lanka",England,Sri Lanka,England,runs,12,SM Curran,England,bat,11,11
1512724.json,2026-02-08,2025/26,T20,3689,Colombo,"R Premadasa Stadium, Colombo",N/A,international,male,20,6,"Sri Lanka, Ireland",Sri Lanka,Ireland,Sri Lanka,runs,20,PHKD Mendis,Ireland,field,11,11
1512734.json,2026-02-12,2025/26,T20,3701,Kandy,Pallekele International Cricket Stadium,N/A,international,male,20,6,"Sri Lanka, Oman",Sri Lanka,Oman,Sri Lanka,runs,105,P Rathnayake,Oman,field,11,11
1512748.json,2026-02-16,2025/26,T20,3718,Kandy,Pallekele International Cricket Stadium,N/A,international,male,20,6,"Australia, Sri Lanka",Australia,Sri Lanka,Sri Lanka,wickets,8,P Nissanka,Sri Lanka,field,11,11
1512756.json,2026-02-19,2025/26,T20,3725,Colombo,"R Premadasa Stadium, Colombo",N/A,international,male,20,6,"Sri Lanka, Zimbabwe",Sri Lanka,Zimbabwe,Zimbabwe,wickets,6,Sikandar Raza,Sri Lanka,bat,11,11
1514480.json,2026-01-07,2025/26,T20,3660,Dambulla,Rangiri Dambulla International Stadium,N/A,international,male,20,6,"Sri Lanka, Pakistan",Sri Lanka,Pakistan,Pakistan,wickets,6,Shadab Khan,Pakistan,field,11,11
1514482.json,2026-01-11,2025/26,T20,3661,Dambulla,Rangiri Dambulla International Stadium,N/A,international,male,20,6,"Sri Lanka, Pakistan",Sri Lanka,Pakistan,Sri Lanka,runs,14,PWH de Silva,Pakistan,field,11,11
225271.json,2006-06-15,2006,T20,7,Southampton,The Rose Bowl,N/A,international,male,20,6,"England, Sri Lanka",England,Sri Lanka,Sri Lanka,runs,2,ST Jayasuriya,Sri Lanka,bat,11,11
251487.json,2006-12-22,2006/07,T20,11,Wellington,Westpac Stadium,N/A,international,male,20,6,"New Zealand, Sri Lanka",New Zealand,Sri Lanka,Sri Lanka,runs,18,ST Jayasuriya,New Zealand,bat,11,11
251488.json,2006-12-26,2006/07,T20,12,Auckland,Eden Park,N/A,international,male,20,6,"New Zealand, Sri Lanka",New Zealand,Sri Lanka,New Zealand,wickets,5,JEC Franklin,New Zealand,field,11,11
287860.json,2007-09-14,2007/08,T20,27,Johannesburg,New Wanderers Stadium,N/A,international,male,20,6,"Kenya, Sri Lanka",Kenya,Sri Lanka,Sri Lanka,runs,172,ST Jayasuriya,Kenya,field,11,11
287863.json,2007-09-15,2007/08,T20,30,Johannesburg,New Wanderers Stadium,N/A,international,male,20,6,"New Zealand, Sri Lanka",New Zealand,Sri Lanka,Sri Lanka,wickets,7,ST Jayasuriya,New Zealand,bat,11,11
287868.json,2007-09-17,2007/08,T20,35,Johannesburg,New Wanderers Stadium,N/A,international,male,20,6,"Pakistan, Sri Lanka",Pakistan,Sri Lanka,Pakistan,runs,33,Younis Khan,Sri Lanka,field,11,11
287871.json,2007-09-18,2007/08,T20,38,Johannesburg,New Wanderers Stadium,N/A,international,male,20,6,"Bangladesh, Sri Lanka",Bangladesh,Sri Lanka,Sri Lanka,runs,64,CRD Fernando,Bangladesh,field,11,11
287874.json,2007-09-20,2007/08,T20,41,Cape Town,Newlands,N/A,international,male,20,6,"Australia, Sri Lanka",Australia,Sri Lanka,Australia,wickets,10,SR Clark,Australia,field,11,11
355998.json,2009-06-08,2009,T20,97,Nottingham,Trent Bridge,N/A,international,male,20,6,"Australia, Sri Lanka",Australia,Sri Lanka,Sri Lanka,wickets,6,KC Sangakkara,Sri Lanka,field,11,11
356002.json,2009-06-10,2009,T20,100,Nottingham,Trent Bridge,N/A,international,male,20,6,"Sri Lanka, West Indies",Sri Lanka,West Indies,Sri Lanka,runs,15,ST Jayasuriya,West Indies,field,11,11
356005.json,2009-06-12,2009,T20,104,London,Lord's,N/A,international,male,20,6,"Pakistan, Sri Lanka",Pakistan,Sri Lanka,Sri Lanka,runs,19,TM Dilshan,Sri Lanka,bat,11,11
356009.json,2009-06-14,2009,T20,108,London,Lord's,N/A,international,male,20,6,"Ireland, Sri Lanka",Ireland,Sri Lanka,Sri Lanka,runs,9,DPMD Jayawardene,Sri Lanka,bat,11,11
356013.json,2009-06-16,2009,T20,112,Nottingham,Trent Bridge,N/A,international,male,20,6,"New Zealand, Sri Lanka",New Zealand,Sri Lanka,Sri Lanka,runs,48,BAW Mendis,Sri Lanka,bat,11,11
356016.json,2009-06-19,2009,T20,115,London,Kennington Oval,N/A,international,male,20,6,"Sri Lanka, West Indies",Sri Lanka,West Indies,Sri Lanka,runs,57,TM Dilshan,West Indies,field,11,11
356017.json,2009-06-21,2009,T20,116,London,Lord's,N/A,international,male,20,6,"Pakistan, Sri Lanka",Pakistan,Sri Lanka,Pakistan,wickets,8,Shahid Afridi,Sri Lanka,bat,11,11
361656.json,2008-10-11,2008/09,T20,72,King City,Maple Leaf North-West Ground,N/A,international,male,20,6,"Pakistan, Sri Lanka",Pakistan,Sri Lanka,Pakistan,wickets,3,Shoaib Malik,Pakistan,field,11,11
361660.json,2008-10-13,2008/09,T20,76,King City,Maple Leaf North-West Ground,N/A,international,male,20,6,"Pakistan, Sri Lanka",Pakistan,Sri Lanka,Sri Lanka,wickets,5,ST Jayasuriya,Sri Lanka,field,11,11
386535.json,2009-02-10,2008/09,T20,82,Colombo,R Premadasa Stadium,N/A,international,male,20,6,"Sri Lanka, India",Sri Lanka,India,India,wickets,3,YK Pathan,Sri Lanka,bat,11,11
403375.json,2009-08-12,2009,T20,118,Colombo,R Premadasa Stadium,N/A,international,male,20,6,"Sri Lanka, Pakistan",Sri Lanka,Pakistan,Pakistan,runs,52,Shahid Afridi,Pakistan,bat,11,11
403385.json,2009-09-02,2009,T20,120,Colombo,R Premadasa Stadium,N/A,international,male,20,6,"Sri Lanka, New Zealand",Sri Lanka,New Zealand,New Zealand,runs,3,DL Vettori,New Zealand,bat,11,11
403386.json,2009-09-04,2009,T20,121,Colombo,R Premadasa Stadium,N/A,international,male,20,6,"Sri Lanka, New Zealand",Sri Lanka,New Zealand,New Zealand,runs,22,JD Ryder,New Zealand,bat,11,11
412678.json,2010-04-30,2010,T20,151,Guyana,Providence Stadium,N/A,international,male,20,6,"New Zealand, Sri Lanka",New Zealand,Sri Lanka,New Zealand,wickets,2,NL McCullum,Sri Lanka,bat,11,11
412686.json,2010-05-03,2010,T20,157,Guyana,Providence Stadium,N/A,international,male,20,6,"Sri Lanka, Zimbabwe",Sri Lanka,Zimbabwe,Sri Lanka,runs,14,DPMD Jayawardene,Sri Lanka,bat,11,11
412692.json,2010-05-07,2010,T20,166,Barbados,"Kensington Oval, Bridgetown",N/A,international,male,20,6,"West Indies, Sri Lanka",West Indies,Sri Lanka,Sri Lanka,runs,57,DPMD Jayawardene,Sri Lanka,bat,11,11
412696.json,2010-05-09,2010,T20,170,Barbados,"Kensington Oval, Bridgetown",N/A,international,male,20,6,"Australia, Sri Lanka",Australia,Sri Lanka,Australia,runs,81,CL White,Australia,bat,11,11
412699.json,2010-05-11,2010,T20,173,St Lucia,"Beausejour Stadium, Gros Islet",N/A,international,male,20,6,"India, Sri Lanka",India,Sri Lanka,Sri Lanka,wickets,5,AD Mathews,India,bat,11,11
412701.json,2010-05-13,2010,T20,175,St Lucia,"Beausejour Stadium, Gros Islet",N/A,international,male,20,6,"England, Sri Lanka",England,Sri Lanka,England,wickets,7,SCJ Broad,Sri Lanka,bat,11,11
430884.json,2009-12-09,2009/10,T20,126,Nagpur,"Vidarbha Cricket Association Stadium, Jamtha",N/A,international,male,20,6,"India, Sri Lanka",India,Sri Lanka,Sri Lanka,runs,29,KC Sangakkara,India,field,11,11
430885.json,2009-12-12,2009/10,T20,127,Chandigarh,"Punjab Cricket Association Stadium, Mohali",N/A,international,male,20,6,"India, Sri Lanka",India,Sri Lanka,India,wickets,6,Yuvraj Singh,Sri Lanka,bat,11,11
446956.json,2010-10-31,2010/11,T20,192,Perth,Western Australia Cricket Association Ground,N/A,international,male,20,6,"Australia, Sri Lanka",Australia,Sri Lanka,Sri Lanka,wickets,7,S Randiv,Australia,bat,11,11
456991.json,2010-05-22,2010,T20,180,Lauderhill,Central Broward Regional Park Stadium Turf Ground,N/A,international,male,20,6,"New Zealand, Sri Lanka",New Zealand,Sri Lanka,New Zealand,runs,28,SB Styris,New Zealand,bat,11,11
456992.json,2010-05-23,2010,T20,181,Lauderhill,Central Broward Regional Park Stadium Turf Ground,N/A,international,male,20,6,"New Zealand, Sri Lanka",New Zealand,Sri Lanka,Sri Lanka,wickets,7,KMDN Kulasekara,New Zealand,bat,11,11
474466.json,2011-06-25,2011,T20,201,Bristol,County Ground,N/A,international,male,20,6,"England, Sri Lanka",England,Sri Lanka,Sri Lanka,wickets,9,DPMD Jayawardene,Sri Lanka,field,11,11
516204.json,2011-08-06,2011,T20,202,N/A,Pallekele International Cricket Stadium,N/A,international,male,20,6,"Sri Lanka, Australia",Sri Lanka,Australia,Sri Lanka,runs,35,TM Dilshan,Australia,field,11,11
516205.json,2011-08-08,2011,T20,203,N/A,Pallekele International Cricket Stadium,N/A,international,male,20,6,"Sri Lanka, Australia",Sri Lanka,Australia,Sri Lanka,runs,8,BAW Mendis,Sri Lanka,bat,11,11
530432.json,2011-11-25,2011/12,T20,215,Abu Dhabi,Sheikh Zayed Stadium,N/A,international,male,20,6,"Pakistan, Sri Lanka",Pakistan,Sri Lanka,Pakistan,wickets,5,Aizaz Cheema,Sri Lanka,bat,11,11
533272.json,2012-09-18,2012/13,T20,263,Hambantota,"Mahinda Rajapaksa International Cricket Stadium, Sooriyawewa",N/A,international,male,20,6,"Sri Lanka, Zimbabwe",Sri Lanka,Zimbabwe,Sri Lanka,runs,82,BAW Mendis,Zimbabwe,field,11,11
533278.json,2012-09-22,2012/13,T20,269,Hambantota,"Mahinda Rajapaksa International Cricket Stadium, Sooriyawewa",N/A,international,male,20,6,"Sri Lanka, South Africa",Sri Lanka,South Africa,South Africa,runs,32,AB de Villiers,Sri Lanka,field,11,11
533284.json,2012-09-27,2012/13,T20,275,N/A,Pallekele International Cricket Stadium,N/A,international,male,20,6,"Sri Lanka, New Zealand",Sri Lanka,New Zealand,N/A,N/A,N/A,TM Dilshan,New Zealand,bat,11,11
533289.json,2012-09-29,2012/13,T20,280,N/A,Pallekele International Cricket Stadium,N/A,international,male,20,6,"Sri Lanka, West Indies",Sri Lanka,West Indies,Sri Lanka,wickets,9,DPMD Jayawardene,West Indies,bat,11,11
533293.json,2012-10-01,2012/13,T20,284,N/A,Pallekele International Cricket Stadium,N/A,international,male,20,6,"Sri Lanka, England",Sri Lanka,England,Sri Lanka,runs,19,SL Malinga,England,field,11,11
533296.json,2012-10-04,2012/13,T20,287,Colombo,R Premadasa Stadium,N/A,international,male,20,6,"Sri Lanka, Pakistan",Sri Lanka,Pakistan,Sri Lanka,runs,16,DPMD Jayawardene,Sri Lanka,bat,11,11
533298.json,2012-10-07,2012/13,T20,289,Colombo,R Premadasa Stadium,N/A,international,male,20,6,"Sri Lanka, West Indies",Sri Lanka,West Indies,West Indies,runs,36,MN Samuels,West Indies,bat,11,11
562437.json,2012-06-01,2012,T20,244,Hambantota,"Mahinda Rajapaksa International Cricket Stadium, Sooriyawewa",N/A,international,male,20,6,"Sri Lanka, Pakistan",Sri Lanka,Pakistan,Sri Lanka,runs,37,NLTC Perera,Sri Lanka,bat,11,11
562438.json,2012-06-03,2012,T20,245,Hambantota,"Mahinda Rajapaksa International Cricket Stadium, Sooriyawewa",N/A,international,male,20,6,"Sri Lanka, Pakistan",Sri Lanka,Pakistan,Pakistan,runs,23,Shahid Afridi,Pakistan,bat,11,11
564786.json,2012-08-07,2012,T20,255,N/A,Pallekele International Cricket Stadium,N/A,international,male,20,6,"Sri Lanka, India",Sri Lanka,India,India,runs,39,IK Pathan,Sri Lanka,field,11,11
573019.json,2013-01-26,2012/13,T20,299,Sydney,Stadium Australia,N/A,international,male,20,6,"Australia, Sri Lanka",Australia,Sri Lanka,Sri Lanka,wickets,5,DA Warner,Australia,bat,11,11
573020.json,2013-01-28,2012/13,T20,300,N/A,Melbourne Cricket Ground,N/A,international,male,20,6,"Australia, Sri Lanka",Australia,Sri Lanka,Sri Lanka,runs,2,NLTC Perera,Australia,field,11,11
582186.json,2012-10-30,2012/13,T20,290,N/A,Pallekele International Cricket Stadium,N/A,international,male,20,6,"Sri Lanka, New Zealand",Sri Lanka,New Zealand,N/A,N/A,N/A,N/A,Sri Lanka,field,11,11
602477.json,2013-03-31,2012/13,T20,312,N/A,Pallekele International Cricket Stadium,N/A,international,male,20,6,"Sri Lanka, Bangladesh",Sri Lanka,Bangladesh,Sri Lanka,runs,17,MDKJ Perera,Bangladesh,field,11,11
635658.json,2013-08-02,2013,T20,323,Colombo,R Premadasa Stadium,N/A,international,male,20,6,"Sri Lanka, South Africa",Sri Lanka,South Africa,South Africa,runs,12,JP Duminy,South Africa,bat,11,11
635659.json,2013-08-04,2013,T20,324,Hambantota,"Mahinda Rajapaksa International Cricket Stadium, Sooriyawewa",N/A,international,male,20,6,"Sri Lanka, South Africa",Sri Lanka,South Africa,South Africa,runs,22,DA Miller,South Africa,bat,11,11
635660.json,2013-08-06,2013,T20,325,Hambantota,"Mahinda Rajapaksa International Cricket Stadium, Sooriyawewa",N/A,international,male,20,6,"Sri Lanka, South Africa",Sri Lanka,South Africa,Sri Lanka,wickets,6,TM Dilshan,South Africa,bat,11,11
657633.json,2013-12-11,2013/14,T20,350,N/A,Dubai International Cricket Stadium,N/A,international,male,20,6,"Pakistan, Sri Lanka",Pakistan,Sri Lanka,Pakistan,wickets,3,Shahid Afridi,Pakistan,field,11,11
657635.json,2013-12-13,2013/14,T20,351,N/A,Dubai International Cricket Stadium,N/A,international,male,20,6,"Pakistan, Sri Lanka",Pakistan,Sri Lanka,Sri Lanka,runs,24,MDKJ Perera,Pakistan,field,11,11
667887.json,2014-05-20,2014,T20,401,London,Kennington Oval,N/A,international,male,20,6,"England, Sri Lanka",England,Sri Lanka,Sri Lanka,runs,9,NLTC Perera,England,field,11,11
668969.json,2013-11-21,2013/14,T20,341,N/A,Pallekele International Cricket Stadium,N/A,international,male,20,6,"Sri Lanka, New Zealand",Sri Lanka,New Zealand,Sri Lanka,wickets,8,MDKJ Perera,Sri Lanka,field,11,11
682923.json,2014-03-22,2013/14,T20,379,Chittagong,Zahur Ahmed Chowdhury Stadium,N/A,international,male,20,6,"South Africa, Sri Lanka",South Africa,Sri Lanka,Sri Lanka,runs,5,MDKJ Perera,Sri Lanka,bat,11,11
682933.json,2014-03-24,2013/14,T20,384,Chittagong,Zahur Ahmed Chowdhury Stadium,N/A,international,male,20,6,"Netherlands, Sri Lanka",Netherlands,Sri Lanka,Sri Lanka,wickets,9,AD Mathews,Sri Lanka,field,11,11
682939.json,2014-03-27,2013/14,T20,387,Chittagong,Zahur Ahmed Chowdhury Stadium,N/A,international,male,20,6,"England, Sri Lanka",England,Sri Lanka,England,wickets,6,AD Hales,England,field,11,11
682955.json,2014-03-31,2013/14,T20,395,Chittagong,Zahur Ahmed Chowdhury Stadium,N/A,international,male,20,6,"New Zealand, Sri Lanka",New Zealand,Sri Lanka,Sri Lanka,runs,59,HMRKB Herath,New Zealand,field,11,11
682961.json,2014-04-03,2013/14,T20,398,Mirpur,Shere Bangla National Stadium,N/A,international,male,20,6,"Sri Lanka, West Indies",Sri Lanka,West Indies,Sri Lanka,runs,27,AD Mathews,Sri Lanka,bat,11,11
682965.json,2014-04-06,2013/14,T20,400,Mirpur,Shere Bangla National Stadium,N/A,international,male,20,6,"India, Sri Lanka",India,Sri Lanka,Sri Lanka,wickets,6,KC Sangakkara,Sri Lanka,field,11,11
690351.json,2014-02-12,2013/14,T20,357,Chittagong,Zahur Ahmed Chowdhury Stadium,N/A,international,male,20,6,"Bangladesh, Sri Lanka",Bangladesh,Sri Lanka,Sri Lanka,runs,2,MDKJ Perera,Bangladesh,field,11,11
690353.json,2014-02-14,2013/14,T20,358,Chittagong,Zahur Ahmed Chowdhury Stadium,N/A,international,male,20,6,"Bangladesh, Sri Lanka",Bangladesh,Sri Lanka,Sri Lanka,wickets,3,NLTC Perera,Bangladesh,bat,11,11
860279.json,2015-07-30,2015,T20,448,Colombo,R Premadasa Stadium,N/A,international,male,20,6,"Sri Lanka, Pakistan",Sri Lanka,Pakistan,Pakistan,runs,29,Sohail Tanvir,Pakistan,bat,11,11
860281.json,2015-08-01,2015,T20,449,Colombo,R Premadasa Stadium,N/A,international,male,20,6,"Sri Lanka, Pakistan",Sri Lanka,Pakistan,Pakistan,wickets,1,Anwar Ali,Sri Lanka,bat,11,11
913633.json,2016-07-05,2016,T20,561,Southampton,The Rose Bowl,N/A,international,male,20,6,"England, Sri Lanka",England,Sri Lanka,England,wickets,8,JC Buttler,Sri Lanka,bat,11,11
914217.json,2016-01-07,2015/16,T20,474,Mount Maunganui,Bay Oval,N/A,international,male,20,6,"New Zealand, Sri Lanka",New Zealand,Sri Lanka,New Zealand,runs,3,TA Boult,Sri Lanka,field,11,11
914219.json,2016-01-10,2015/16,T20,476,Auckland,Eden Park,N/A,international,male,20,6,"New Zealand, Sri Lanka",New Zealand,Sri Lanka,New Zealand,wickets,9,C Munro,New Zealand,field,11,11
915783.json,2015-11-09,2015/16,T20,460,N/A,Pallekele International Cricket Stadium,N/A,international,male,20,6,"Sri Lanka, West Indies",Sri Lanka,West Indies,Sri Lanka,runs,30,SMSM Senanayake,West Indies,field,11,11
915785.json,2015-11-11,2015/16,T20,461,Colombo,R Premadasa Stadium,N/A,international,male,20,6,"Sri Lanka, West Indies",Sri Lanka,West Indies,West Indies,runs,23,DJ Bravo,West Indies,bat,11,11
936153.json,2017-01-20,2016/17,T20,589,Centurion,SuperSport Park,N/A,international,male,20,6,"South Africa, Sri Lanka",South Africa,Sri Lanka,South Africa,runs,19,L Ngidi,Sri Lanka,field,11,11
936155.json,2017-01-22,2016/17,T20,590,Johannesburg,New Wanderers Stadium,N/A,international,male,20,6,"South Africa, Sri Lanka",South Africa,Sri Lanka,Sri Lanka,wickets,3,AD Mathews,South Africa,bat,11,11
936157.json,2017-01-25,2016/17,T20,591,Cape Town,Newlands,N/A,international,male,20,6,"South Africa, Sri Lanka",South Africa,Sri Lanka,Sri Lanka,wickets,5,N Dickwella,South Africa,bat,11,11
951345.json,2016-03-20,2015/16,T20,543,Bangalore,M Chinnaswamy Stadium,N/A,international,male,20,6,"Sri Lanka, West Indies",Sri Lanka,West Indies,West Indies,wickets,7,ADS Fletcher,West Indies,field,11,11
951361.json,2016-03-26,2015/16,T20,551,Delhi,Feroz Shah Kotla,N/A,international,male,20,6,"England, Sri Lanka",England,Sri Lanka,England,runs,10,JC Buttler,Sri Lanka,field,11,11
951367.json,2016-03-28,2015/16,T20,554,Delhi,Feroz Shah Kotla,N/A,international,male,20,6,"South Africa, Sri Lanka",South Africa,Sri Lanka,South Africa,wickets,8,AM Phangiso,South Africa,field,11,11
963697.json,2016-02-09,2015/16,T20,496,Pune,Maharashtra Cricket Association Stadium,N/A,international,male,20,6,"India, Sri Lanka",India,Sri Lanka,Sri Lanka,wickets,5,CAK Rajitha,Sri Lanka,field,11,11
963699.json,2016-02-12,2015/16,T20,497,Ranchi,JSCA International Stadium Complex,N/A,international,male,20,6,"India, Sri Lanka",India,Sri Lanka,India,runs,69,S Dhawan,Sri Lanka,field,11,11
963701.json,2016-02-14,2015/16,T20,499,Visakhapatnam,Dr. Y.S. Rajasekhara Reddy ACA-VDCA Cricket Stadium,N/A,international,male,20,6,"India, Sri Lanka",India,Sri Lanka,India,wickets,9,R Ashwin,India,field,11,11
966747.json,2016-02-25,2015/16,T20,510,Mirpur,Shere Bangla National Stadium,N/A,international,male,20,6,"Sri Lanka, United Arab Emirates",Sri Lanka,United Arab Emirates,Sri Lanka,runs,14,SL Malinga,United Arab Emirates,field,11,11
966753.json,2016-02-28,2015/16,T20,513,Mirpur,Shere Bangla National Stadium,N/A,international,male,20,6,"Bangladesh, Sri Lanka",Bangladesh,Sri Lanka,Bangladesh,runs,23,Sabbir Rahman,Bangladesh,bat,11,11
966757.json,2016-03-01,2015/16,T20,515,Mirpur,Shere Bangla National Stadium,N/A,international,male,20,6,"India, Sri Lanka",India,Sri Lanka,India,wickets,5,V Kohli,India,field,11,11
966763.json,2016-03-04,2015/16,T20,518,Mirpur,Shere Bangla National Stadium,N/A,international,male,20,6,"Pakistan, Sri Lanka",Pakistan,Sri Lanka,Pakistan,wickets,6,Umar Akmal,Pakistan,field,11,11
995467.json,2016-09-06,2016,T20,565,N/A,Pallekele International Cricket Stadium,N/A,international,male,20,6,"Sri Lanka, Australia",Sri Lanka,Australia,Australia,runs,85,GJ Maxwell,Sri Lanka,field,11,11
995469.json,2016-09-09,2016,T20,567,Colombo,R Premadasa Stadium,N/A,international,male,20,6,"Sri Lanka, Australia",Sri Lanka,Australia,Australia,wickets,4,GJ Maxwell,Sri Lanka,bat,11,11
